4407.24,0.24
4407.22,1.2147443
4407.2,0.934058
4407.03,2.26539
4407,5.26
4406.99,5.303163
4406.24,0.903
4406,0.992816
4405.74,0.2
4405.59,2.5
4405.42,0.113
4405.24,0.903
4405.2,0.113
4405,3.7621398
4404.62,0.113
4404.3,0.113
4404.24,0.903
4403.46,0.113
4403.24,0.901
4402.75,0.113
4402.53,4.41
4402.49,0.1445
4402.12,0.113
4402.04,0.1445
4401.64,0.02
4401.4,2
4401.15,0.113
4400.97,4.8872
4400.91,0.3
4400.45,0.1445
4400.4,2
4400.06,5.7484436
4400.01,0.113
4400,0.5
4399.8,0.1445
4399.63,4.2
4398.57,0.113
4397.97,0.1445
4397.91,0.3
4397,0.3863
4396.73,0.01
4396.71,0.01
4396.67,0.01
4396.64,0.01
4396.55,4.3
4396.25,0.1445
4395,5
4394.91,0.245
4394.61,0.1
4393.95,4.37
4393.94,4.87
4393.68,0.1445
4392.42,0.5
4392.1,0.1445
4391.99,0.7969053
4391.54,1
4391.19,4.3
4390.48,1.02
4390.4,3
4390.02,0.01
4390,0.013
4389.6,0.02
4388.81,0.2
4388.52,4.46
4387.95,0.8477445
4387.76,0.1445
4387.09,0.01
4386.69,0.02
4386.47,0.245
4386.06,0.02
4385.86,4.7
4385.56,0.02
4385.06,0.02
4384.56,0.02
4384.5,19
4384.06,0.02
4384,0.6273
4383.77,0.01
4383.55,0.05
4383.23,3.91
4383.21,0.1445
4381.67,0.123
4381,1
4380.84,0.114
4380.42,4.18
4380.31,0.01
4380,7.1421194
4379.91,0.1879771
4378.9,1.61354
4378.26,0.3
4378.11,0.01
4377.88,0.01226345
4377.71,3.97
4376.59,0.50092536
4376.01,0.37706336
4376,1.6431999
4375.7,19
4375.59,0.60366696
4375.22,0.03
4375.17,4.34
4375.02,1.14
4374.77,0.8437397
4374.52,0.1
4372.52,0.1
4372.42,4.59
4372.01,4.03
4372,0.45990002
4371.73,0.01
4371,0.01
4370.52,0.1
4370.24,1.351
4370,3.796714
4369.98,0.39384776
4369.69,3.84
4368,0.4101
4367.52,0.1
4366.99,4.96
4366.8,19
4366.06,0.17
4365.52,0.1
4365.05,1
4365,2.0289
4364.99,0.56193423
4364.34,3.69
4364,0.4103
4363.52,0.1
4363.18,1.0313579
4363,0.2292001
4362.93,4.08
4362.2,2.0742986
4362.19,0.894
4362,5
4361.94,4.09
4361.58,0.02
4361.11,0.05
4361.01,0.01
4361,0.125
4360.72,0.01
4360.52,0.1
4360.45,0.01
4360.33,1
4360.11,0.3731
4360,7.4468055
4359.48,4.38
4359,0.05
4358.52,0.4
4358.19,0.05
4358.09,1
4358.01,0.01
4358,0.16621569
4357.93,0.04
4357.89,0.01
4357.61,1.1
4357.33,0.01
4357,4.6632643
4356.83,4.1
4356.39,0.1
4356.38,32.29
4356.24,0.6204188
4356.01,0.125
4356,0.51060003
4355.94,0.01
4355.84,0.137746
4355.73,1
4355.38,0.25
4355.25,0.413856
4355.23,1
4355.17,0.01100733
4355.01,1
4355,1.4554145
4354.93,0.01519887
4354.92,0.0149027
4354.73,1
4354.23,1
4354.17,4.67
4354,0.2
4353.73,1
4353.66,0.0459395
4353.53,0.01
4353.4,16.1354
4353.34,0.01
4353.23,1
4352.99,0.5781735
4352.86,1
4352.85,0.042
4352.73,1
4352.45,0.01
4352.23,1.1
4352.02,0.014
4352,0.4107
4351.73,1
4351.39,4.3
4351.27,0.087
4351.23,1
4351.17,1.0704821
4351.06,0.2
4351.02,0.014
4351,0.5056358
4350.1,0.462
4350.02,1.1594453
4350.01,0.9706698
4349.99,0.1
4349.87,0.25
4349.65,0.01
4349.29,0.02010063
4348.81,4.44
4348.45,0.118
4348,0.4109
4347.97,0.01
4347.95,0.6907173
4347.52,0.07996227
4347.39,0.01
4347.02,0.026
4346.16,0.01
4346.04,0.02
4346,8.410941
4345.76,4.5
4345.72,0.0986
4345.5,0.015
4345.3,0.39
4345.01,0.01
4345,0.01826889
4344.97,0.035
4344.52,0.01
4344.44,0.025
4344,0.57711
4343.43,0.01
4343.11,0.0105561
4342.86,4.2
4342.41,0.09211475
4342.02,0.015
4342.01,0.0441
4342,0.1
4341.14,0.03403482
4341.12,0.03403498
4341,0.038
4340.41,0.01
4340.4,5
4340.07,3.7
4340,0.5451084
4339.69,0.01
4339.6,0.11
4338.8,0.042
4338.53,0.01
4338,0.1
4337.98,0.01
4337.97,0.025
4337.31,4.92
4336.8,0.012
4336,0.03715406
4335.55,2
4335.05,1
4335,0.01
4334.72,4.53
4334,0.6
4333.71,3.32
4333.35,0.1
4332.34,0.230821
4332.12,0.07427874
4332.02,0.016
4331.93,4.23
4331.36,0.5
4330.92,0.01210148
4330.89,0.01100142
4330.8,0.0100015
4330.76,0.01210201
4330.74,0.01100188
4330.73,0.01000173
4330,1.1404881
4329.59,3.48
4329.26,3.5700724
4328.57,0.015
4327.8,0.1
4327.77,0.02
4327.34,0.01
4327.14,4.3
4327.02,0.028
4326.52,0.42000002
4325.88,0.02
4325.77,0.01
4325.01,0.145562
4324.96,0.01875624
4324.95,0.042
4324.61,1
4324.23,5.3
4323.7,128.27
4323,1.3
4322.27,0.31812
4322.22,0.81
4322.11,0.0174
4322.02,0.017
4321.1,6
4321.01,0.01005
4321,0.5574356
4320.83,0.05
4320.7,0.09257759
4320.43,0.0262
4320.1,0.011
4320,6.527666
4319.84,0.012732
4319.26,0.01
4318,1.2693173
4316.37,0.164
4315.01,0.5
4315,0.833
4314.29,0.046358
4314.04,0.01000223
4314,0.018544
4313.53,0.34694502
4312.61,0.012
4312.39,0.04
4312.02,0.018
4311.78,3
4311.61,0.01209312
4311.11,0.015
4311,0.01
4310.99,0.042
4310.89,0.0116
4310.02,0.03
4310,2.124317
4309.69,0.01
4309.14,1
4309.06,0.2
4308,0.3
4307.99,0.1
4307.17,0.02
4307.02,0.03
4307,0.524678
4306.77,1
4306.41,0.23163153
4306,0.1403
4305.64,0.1
4305.22,0.19
4305,0.6625
4304.71,0.48
4303,0.03
4302.02,0.019
4302,0.1994
4301.22,1
4301.11,0.05
4301,1.339751
4300.23,1
4300.05,0.4
4300.02,0.01
4300.01,0.135
4299.99,0.05
4299.52,0.1442
4299.5,0.11775879
4299.23,1
4299.1,0.09304273
4299,0.034987
4298.76,0.055
4298.23,1
4298,0.029083
4297.95,1.2
4297.23,1
4297.06,0.042
4296.23,1
4296,0.035
4295.86,0.02
4295.55,0.3
4295.23,1
4295,3.0439696
4294.65,0.01984841
4293,0.117
4292.71,4.7240186
4292.33,0.4
4292.03,2
4292,0.0116481
4291.87,0.05
4290.61,0.3847259
4290.02,0.03
4290,0.37577876
4289.99,0.03
4289.23,0.07502153
4289,0.09
4288.33,0.054
4288.23,0.049000002
4288,0.245
4287.82,1
4285.8,0.167
4285.55,3
4285.02,0.66620207
4283.29,0.042
4282,2
4281.12,0.01005
4281,1.56718
4280.57,0.25567156
4280.21,0.04
4280,3.4480736
4279.97,0.05
4278.05,0.15
4278.03,0.02
4278,1.4100001
4277.9,0.02337596
4277.6,0.09351038
4275.11,3.536118
4275.01,0.52
4275,14.281396
4274.25,0.06
4273.89,1
4273,0.4
4271.47,0.01
4271,0.049999997
4270.5,0.15812275
4270.1,0.012
4270.02,0.03
4270.01,0.065
4270,2.2318494
4269.99,0.02
4269.51,0.042
4269,0.108359
4268.23,1.265
4268.11,0.01
4267,0.7183496
4266,0.17500001
4265.51,1.8755085
4265.29,0.02
4265,4.300068
4264.49,0.01152967
4264.34,0.25
4264.02,0.5
4263.94,0.7
4263.69,0.02
4262.74,0.13
4262.08,0.05
4261.9,0.05
4261.67,0.05
4261,0.35650003
4260.63,0.01
4260.41,0.5
4260,8.42516
4259.65,2.411
4259.33,0.79481
4259.21,0.5
4259.11,9.391633
4259,0.068
4258.99,42.299572
4258.82,1
4258.64,0.10571
4258.58,0.01
4258.53,0.01171178
4258.12,0.01833609
4258,0.15265381
4257.99,0.2
4257.3,0.2
4257.1,0.1
4257,0.17999999
4256.88,0.1
4256.69,5.93212
4256.21,0.09398033
4256.07,0.02
4255.73,0.042
4255,4.0244718
4254.28,0.51712626
4253.45,0.01
4253,0.513
4252.96,2.85
4252.36,0.02
4252.02,0.06
4252,0.068789996
4251.16,2.411
4251.11,0.065
4251.06,0.2
4251.01,0.06175
4251,1
4250.99,0.03
4250.55,0.025
4250.52,0.05
4250.28,1
4250.15,0.07058
4250.1,0.01
4250.03,0.05
4250,25.583054
4249.99,0.058823
4249.61,1.25
4249.56,0.012
4248.63,0.02
4247.92,0.10573
4246.76,1.0764815
4245.86,0.25
4245.79,0.125
4245.01,0.055
4245,0.40859878
4244,0.5
4243.97,0.01
4243.43,0.01083
4243.21,0.01
4242.99,0.51927644
4242.68,2.484
4242,2.06
4241.86,0.042
4240.42,0.01612667
4240.33,0.01466092
4240.29,0.01332824
4240.26,0.01211667
4240,5.899102
4238.84,0.1
4237,0.04720321
4236.69,0.05
4235.25,0.08796816
4235,0.01416765
4234.93,0.09445256
4233,0.02
4231.03,0.3
4230.79,0.125
4230.56,0.1
4230.3,0.1
4230.09,0.05
4230,1.03
4228.65,0.03
4228,1
4227.99,1
4227.9,0.042
4226.51,1
4226.45,0.01
4226.27,0.03
4226.16,0.01
4226,0.05
4225,2.5333037
4223,1.01
4221.18,0.0474
4221.11,0.01
4220.1,0.05185735
4220.09,0.01
4220,1.694218
4218.5,0.13666359
4218,0.17300797
4217.21,0.01
4215.01,16.746244
4215,0.31
4214.8,1.2113675
4214.24,0.5
4214,0.0667892
4213.88,0.042
4213.76,0.0949271
4213.42,6.9669204
4213.31,0.05
4213,0.5
4212.32,0.1
4212,0.655
4211,0.12900001
4210.33,0.01
4210,3.365
4208.19,0.06048133
4207.16,0.0387
4207.02,0.015
4206.69,0.01
4206,0.1
4205.73,0.01084
4205.23,2.1857893
4205,0.32226872
4204.69,0.245202
4203.72,0.33
4203.52,0.12255302
4203.03,1
4203.01,0.5
4202.11,9.519028
4202.02,0.05
4202,0.6954793
4201.98,0.01083
4201.95,0.25
4201.6,2.5066664
4201.55,3
4201.24,0.43339765
4201.01,0.0237
4201,0.93399996
4200.79,0.125
4200.46,0.107002
4200.1,0.1
4200.03,0.05
4200.02,0.015
4200.01,1
4200,133.76636
4199.99,0.02
4199.97,0.0100035
4199.92,0.01100406
4199.91,0.01000371
4199.79,0.042
4199.49,0.2
4199,0.4531362
4198,1.8753
4197.89,0.019
4197.87,0.25
4196.96,0.01081
4196.36,0.25
4195.43,0.04416505
4195,0.3
4193.87,0.01
4192.69,0.09540414
4191.68,0.01
4191.38,0.01429319
4190.9,0.01299529
4190.26,1.059841
4190,4.34064
4187.45,0.01
4187.02,0.02
4186.06,0.25
4185.64,0.042
4185.55,5
4185.43,1.8625072
4185.18,0.1
4185,0.285
4184,0.024
4182.62,2.376
4182,3
4181.99,0.23963176
4181,0.3117599
4180.01,0.03
4180,8.7744255
4177.25,0.01
4177,0.095
4176.33,0.015
4176,0.025
4175.93,0.12
4175.75,0.03749506
4175.3,1
4175.25,0.05688282
4175.01,0.2
4175,0.19138862
4174.28,2.376
4172.86,0.1
4172.61,1.7111557
4172.47,0.4
4171.96,0.05
4171.73,0.09588348
4171.17,0.05
4170.1,0.014
4170,0.06297365
4169.79,0.012
4169.02,0.010215
4167.65,0.035
4167.45,0.01
4167.02,0.025
4166.93,0.05699629
4165.95,2.448
4164.83,0.03
4164,0.74
4163,1
4162.14,0.9
4161.11,9.62282
4161,6.520373
4160.99,1.302531
4160.82,0.1
4160,3.4240966
4159.47,0.041
4159,0.043
4158.88,0.1
4158.57,0.0105812
4157,0.1248
4156.81,0.05713502
4155.99,1
4155.55,4
4155.05,0.01599
4155,2.63
4154,25
4153.31,0.2401698
4153.16,1.2969
4153,25
4152.02,0.07
4152,0.08521
4151.06,0.4
4151,3.7897818
4150.87,0.09636534
4150.79,0.125
4150.76,0.52928704
4150.5,0.110234
4150.05,0.2
4150.03,0.05
4150.01,0.2
4150,12.764411
4149.1,0.2
4149,1
4148.25,0.1114429
4148.22,0.8302
4147.02,0.03
4146.3,0.041
4146,0.026
4145.89,0.01
4145.49,0.1
4145.25,0.04286778
4145,25.824474
4144.98,1.03735
4144.16,0.01
4144,0.02
4143.53,0.01062
4140.87,0.01204457
4140,25.34203
4139.41,0.02
4138.68,0.01395363
4138,0.05
4137.63,1.2084212
4137.43,0.01
4137.39,0.04834
4136.85,1
4136.72,0.01
4136.58,0.28936964
4136,0.32289892
4135,35.1
4132.1,0.02
4132.02,0.011
4132,0.1
4131,25
4130.74,0.02883285
4130.12,0.09684949
4130,2.24997
4128.92,0.6
4127.51,0.02
4127.02,0.035
4127,0.025
4126.27,0.25
4125.25,0.05
4125.01,0.2
4125,25.846413
4122.02,0.512
4122,1
4120.11,0.01
4120.1,0.015
4120,2.53983
4118.5,0.0295
4117.16,0.01
4116.4,0.01
4115.88,0.1
4115.7,0.01
4115.45,0.01
4115,35.10958
4114.02,0.01
4114,0.03
4113.61,0.01
4113.53,0.03476332
4112.32,0.01
4112.11,9.628877
4112.02,0.013
4112,6.25
4111.73,0.01
4111.12,0.0365
4111,0.02
4110.27,0.01214
4110.21,0.01
4110,0.8752233
4109.47,0.09733615
4109.31,0.01
4109,0.05
4107.32,0.1675344
4107.03,0.01
4107.02,0.04
4106.73,0.093
4106.62,10.431564
4106,0.17853701
4105.75,0.01
4105.58,1.614
4105.5,0.01
4105.15,0.085
4105.05,0.05
4105,5.1099997
4104.27,0.01
4104.21,0.01
4104,1.209
4103.6,0.113
4103.12,0.0505
4103.02,0.214
4102.86,0.01
4102.61,0.01
4102.14,0.14539889
4102.02,0.014
4102,0.055
4101.44,0.03
4101.39,0.01
4101.01,0.0243
4101,4.770296
4100.79,0.125
4100.74,0.01
4100.69,0.1
4100.03,0.05
4100.01,0.22102429
4100,20.466356
4099.74,0.2
4099,0.5103
4097.4,1.614
4097,0.0888
4095.9,0.1
4092.41,0.097626
4092.02,0.015
4091.62,0.2643818
4091.43,0.01
4090.46,0.01
4090,0.03
4089.9,0.122
4089.23,1.663
4089.09,0.01
4089,0.01223068
4088.92,0.09782534
4088.88,0.1
4088.68,0.01
4088,0.120000005
4087.63,0.03
4087.36,0.55554
4087.02,0.045
4087.01,7.459
4085,3.8641677
4084.88,0.01
4084.5,0.04
4083.97,0.01
4082.82,0.01
4082.02,0.016
4081.54,0.01
4080,0.21989998
4079,1
4077.52,0.13034464
4077,0.067
4075.75,0.05
4075.01,1.2
4075,3.6499999
4074.44,0.108664
4072.62,0.01
4072.43,0.01
4072.02,0.017
4072,0.2
4070.6,0.9943497
4070.1,0.026
4070,0.19029202
4069.69,0.1564
4068.48,0.09831682
4067.94,0.015
4067.83,0.07356496
4067.4,0.0812
4067.02,0.05
4066.47,0.25
4065.99,0.015
4065.51,0.01
4065,2
4064.81,0.35
4064.68,0.05
4063.9,0.1231
4062.95,0.01
4062.75,0.01
4062.02,0.018
4062,2.75
4061.36,0.08
4061.11,0.043
4060,32.229954
4059,1.154026
4058.57,0.01
4058.54,0.03
4058,1
4055,1.0894564
4054,0.01
4053.68,0.013099
4053.22,0.01
4053.02,0.11
4052.39,0.01
4052.02,0.019
4052,0.035
4051.88,0.1
4051.85,0.01682322
4051.5,0.05
4051.31,0.03
4051.06,0.2
4051,0.1485
4050.5,0.21000001
4050.49,0.01
4050.1,0.01
4050.05,0.2
4050.03,0.05
4050.01,0.164193
4050,14.534087
4049,0.349
4048.14,0.09881081
4047.02,0.055
4046,0.01
4045,0.433
4044,4.032361
4043.16,0.01
4043.12,2
4043,0.3
4042.02,0.02
4042,0.25
4041.8,0.01
4040.99,0.02016337
4040,6.8177037
4039.29,0.0412889
4039,1.01
4037.47,0.43627843
4036,0.01
4035.54,0.04602146
4035,0.071957
4034.78,1.7249324
4034.61,0.015
4034.32,0.0133258
4033.89,0.013
4033.5,0.1
4033.19,0.24732274
4032.85,0.08
4032.71,0.02084
4032.2,0.01
4032.02,0.022
4032,0.0474
4030,1.6304963
4029.11,0.01
4029,0.02482005
4028.15,0.01
4028,1
4027.9,0.09930733
4027.65,0.05
4027.4,0.1
4027.02,0.06
4027,0.025
4026.51,0.24773315
4026,1.03
4025.28,0.15123318
4025.25,0.1
4025.12,1
4025.09,0.09855477
4025,2.4166126
4023.28,0.028
4023.26,0.01
4023.11,1.5
4022.91,0.01
4022.69,0.01
4022.54,0.01
4022.02,0.024
4022,0.7623644
4021.17,0.02
4020.47,0.05
4020.1,0.017
4020,1.6865001
4019,1
4018,0.1
4017.93,0.0124131
4017.09,2.489364
4017,1.75
4016.01,0.455
4015.68,4
4015.47,20.315395
4015.17,0.25
4015.06,2.0392754
4015,0.29592663
4014.87,0.034
4014.21,0.01
4014,0.01
4013.18,0.024919
4013,0.2
4012.28,1
4012.15,0.5679
4012.02,0.026
4011.75,0.02
4011.2,0.01924181
4011,2.399931
4010.45,0.1536
4010.01,0.01
4010,3.0709226
4009.54,3.7279677
4009.45,0.024945
4009.33,0.55065
4009.1,0.01
4009,0.02
4008.88,0.02494462
4007.76,0.09980638
4007.34,0.2
4007.11,0.15
4007.02,0.065
4006.68,0.25
4006.02,0.01
4006,0.1875
4005.05,0.1
4005,3.7268603
4004.87,0.01
4004.4,0.01
4004,1.031028
4003.23,0.02
4003.12,0.0505
4003.02,0.13
4003,0.05
4002.02,0.028
4002,3.3660927
4001.63,0.116
4001.59,0.14925592
4001.5,0.475
4001.03,0.25
4001.01,0.2398
4001,15.107845
4000.9,0.5
4000.73,0.0894261
4000.69,0.15
4000.63,0.08388068
4000.5,0.8
4000.49,0.01
4000.19,0.0125
4000.11,0.25
4000.1,0.14999875
4000.03,0.205
4000.02,0.1
4000.01,0.10779973
4000,68.114784
3999.99,0.04499042
3999.98,0.075
3999.9,0.0333
3999.24,0.01
3999.15,0.01
3999,4.497121
3998.58,0.01
3998.54,0.01
3998,0.5
3997.72,0.38
3997,0.105
3996,1.5429361
3995,0.44501877
3994.96,0.01
3993,0.1
3992.25,0.01
3992.02,0.03
3992,1
3991.91,0.02
3991,1.4722171
3990.1,0.045
3990,1.8692255
3988.55,5
3988,3
3987.87,0.02
3987.72,0.10030795
3987.02,0.07
3985,1.360095
3984.9,0.1
3984,1
3983,1
3982.17,0.0125558
3982.09,0.01
3982.02,0.032
3982,3.025
3981.99,0.01
3981,0.37948
3980,1.3858228
3979,0.01
3978,0.01
3976.8,0.011
3976.62,1
3976.54,1
3976,0.01
3975.75,0.1
3975,0.50077003
3974.46,0.01
3973.12,0.01
3973.02,0.01
3972.02,0.034
3970.72,0.01
3970.1,0.08097
3970,0.23
3969.77,0.01
3969,0.01
3968.95,0.01
3968.7,0.028
3968.12,1
3967.78,0.04687822
3967.33,0.02
3967.02,0.075
3967,0.25
3965,15.271531
3963.44,0.01
3962.02,0.036
3962,0.55023974
3961,0.55
3960,1.317
3957.37,0.21
3957.12,0.045
3955,2.76
3954.7,3.5
3954.41,0.01396
3954.33,5.3350987
3954,0.01
3953.82,0.1
3953.02,0.17
3952.28,1
3952.22,0.110326
3952.02,0.038
3951.91,0.25
3951.78,0.07572534
3951.65,0.5
3951.11,0.15
3951.06,0.2
3951,0.53
3950.67,0.020527
3950.5,0.1
3950.1,0.02532
3950.03,0.05
3950.02,0.1
3950,11.563521
3949.99,0.01
3949,0.05
3947.02,0.08
3947,0.0495
3946.88,0.25
3945.99,0.01
3945.45,0.01
3944.85,0.01
3944.55,0.6971643
3943.93,0.01
3943.3,0.04
3943.1,0.01
3942.02,0.04
3942,0.025
3941.18,1
3940.52,0.05583
3940.37,0.33
3940,0.7812
3939.37,0.01
3939.26,0.01
3938.51,0.01
3938.37,0.01
3937.87,0.01
3937.28,0.5
3935.66,0.5
3935,0.03024778
3933,0.1719
3932.99,0.01
3932.02,0.044
3931,0.10271618
3930,2.03
3929,0.01
3927.02,0.085
3927,0.2
3926,0.05
3925.65,0.01
3925.25,0.1
3925.01,0.1
3925,0.55499995
3924.06,0.01
3923.08,0.03
3923,0.01
3922.02,0.048
3921,0.0588
3920.43,0.01
3920.1,0.019
3920,0.24035293
3917,0.5
3915.7,0.01
3915.38,0.14
3915.2,0.01
3915,0.0385
3914.11,0.02
3914,0.01
3912.78,0.01
3912.21,1
3912.02,0.052
3912,0.3
3911.2,0.14
3911,1
3910.07,0.0190715
3910,3.058
3909.11,1.025
3909.09,0.11
3909,0.02
3907.02,0.09
3907,0.01
3905.43,0.26182064
3905.05,0.1
3905,2.810365
3903.03,0.21
3902.77,0.014
3902.09,0.1761105
3902.02,0.071
3902.01,0.01
3901.2,0.09871167
3901.07,0.02
3901,4.693489
3900.22,0.25
3900.03,0.14
3900.01,2.293925
3900,85.06087
3899.15,0.1
3899,0.43250647
3898.74,0.35949722
3898.67,0.01
3897,0.16
3896.75,0.01
3896.55,0.01
3895.45,0.01
3895.21,0.333
3895,0.11
3894.9,0.02
3892.33,0.01
3892.02,0.06
3892,1
3891.85,0.01
3891.34,0.25
3891.21,1
3891.01,0.461837
3890,6.8554244
3889.98,0.5
3889.1,0.02
3888.88,8.579743
3888.45,0.01
3888,12.401984
3887.98,0.01
3887.95,0.01
3887.87,0.2
3887.55,0.186
3887.08,0.25
3887.02,0.095
3885,0.025
3884.84,2.75
3884.26,0.01
3883,0.7777492
3882.02,0.062
3882,3
3881.7,0.02
3880.14,0.5
3880,4.9666657
3879.38,0.01
3879,0.051
3878,0.01
3877.55,5.169
3875.51,0.03866231
3875,0.9245918
3874.13,1
3874,0.01
3872.02,0.064
3872.01,0.01
3870.35,0.01
3870.1,0.02
3870,0.16
3869.69,0.05
3868.12,0.01
3868,0.15
3867.34,0.03
3867.02,0.1
3867,0.75
3865.01,0.2741331
3863.47,0.01
3862.13,0.01
3862.11,0.05
3862.02,0.068
3861.2,0.766
3861,0.125
3860.95,0.01
3860.61,0.01
3860.45,0.01
3860.24,0.01
3860.1,0.15
3860,3.2129025
3859,1.4525087
3858.58,1
3858.55,0.01
3857.32,0.05
3857,0.0259
3856,0.05
3855,2.7359405
3854.66,0.053105
3854.59,0.26
3854.29,0.01
3854.13,0.03
3852.94,0.1
3852.84,0.5
3852.36,0.01
3852.28,1
3852.02,0.072
3851.82,0.01
3851.1,0.031
3851.06,0.2
3851,2.8920095
3850.88,0.25
3850.5,0.05
3850.26,0.01295366
3850.03,0.05
3850,13.124163
3849,1.02
3848,0.01
3846,0.01
3845.31,0.01
3845,0.01560468
3844.73,0.01
3844.29,0.01
3843.77,0.01
3842.6,3.5
3842.02,0.076
3840,1.76108
3839.28,0.01
3836.3,0.11
3834.66,0.01
3834.13,0.01
3833.87,0.130416
3833.65,0.112048
3833.1,0.03914
3832.02,0.08
3831.36,0.3194
3831,1.05
3830,1.9229752
3829,0.1
3828.6,0.5
3827.93,0.0440176
3827.29,0.25
3827,0.16000001
3826.76,0.15
3826.61,0.045
3826,0.01
3825,2.151023
3824,0.04
3822.3,1
3822.02,0.084
3821.32,1
3820.61,0.049992
3820.39,0.01
3820.1,1.021
3820.01,0.02
3820,0.68726075
3818.69,0.05499268
3818.28,1
3818,0.1
3817,1
3816,1
3815.22,0.065527
3815,0.115727395
3813,0.1
3812.02,0.088
3812,1.017
3811,1.5
3810.12,1
3810,2.5210316
3809.78,2.2000046
3809.29,0.01
3809.1,0.02
3809,0.01
3808.92,0.2
3807.69,0.75
3807.52,0.01
3807,0.03
3806,0.271
3805.05,0.1
3805,3.16
3804.6,0.02136
3804.12,0.11
3803.86,0.01
3803,0.1
3802.07,0.01
3802.02,0.102
3801.99,0.01
3801.5,0.075
3801.38,0.03003008
3801.22,0.35
3801.12,0.015
3801.01,0.1313613
3801,10.471719
3800.98,0.5
3800.1,0.1
3800.03,0.05
3800.01,0.04095379
3800,49.928642
3799,0.060000002
3797.91,1
3797.77,0.01
3797.37,0.5
3797.29,0.01
3795.58,0.01
3795.1,0.21
3795,1
3793,0.035
3792.02,0.096
3790,2.317778
3789.23,2
3788.57,0.01973467
3788,1.878
3786.4,0.056
3785.82,0.0287808
3785,0.68585205
3782.02,0.1
3782,4
3781.46,0.02
3781,0.25
3780,0.3692773
3778.39,0.06731666
3778,0.26
3777.77,0.15
3777.14,0.01973467
3777.11,0.01
3777,16.41
3775.35,0.01000397
3775,5.034464
3774.04,0.03998322
3773.82,0.1
3772.02,0.114999995
3771.56,0.02
3771,0.333
3770.1,0.022
3770,1.1850662
3769.1,0.03
3768,0.2575
3767,1.25
3766.5,0.01
3766.11,0.0873
3765.71,0.01973467
3765,0.02845
3764.51,0.01
3762.45,0.15
3762.02,0.11
3761.92,0.01
3761.88,0.15
3760.3,0.01011469
3760,1.06319
3759.87,0.5
3758.58,1
3757.32,0.05
3756.61,0.01
3756,0.25
3755.75,0.01
3755,0.2794787
3754.29,0.01973467
3754.21,0.01
3754,0.07725
3753.77,2
3752.81,0.01333
3752.52,0.01102717
3752.48,0.01002481
3752.02,0.115
3752,0.05
3751.26,0.01
3751.06,0.2
3751.01,0.23192902
3751,0.8333191
3750.88,0.25
3750.49,0.01
3750.03,0.05
3750,16.698399
3748.04,0.13
3746.89,0.25
3745,0.13
3742.86,0.01973467
3742.02,0.03
3741,0.2
3740.8,0.01333271
3740.03,1
3740,0.53410697
3738.15,0.02360629
3738.09,0.0214606
3738.05,0.01950985
3737.5,0.25
3737,0.034
3734,0.02
3733.99,0.01
3733.27,5.498371
3732.02,0.031
3731.43,0.01973467
3731,0.5
3730,0.754811
3725.64,0.01
3725,0.28610736
3723.81,0.01
3723.09,0.03
3723.01,0.01
3723,1
3722.02,0.032
3722,0.05
3720.1,0.023
3720,0.02973467
3718.82,0.01
3718.56,0.01
3717.77,0.15327898
3717.02,0.01
3717,1.5
3716.61,0.01
3716.49,1.7852
3716,0.02
3715,0.05
3714.78,1.1844947
3714.05,0.01
3713.91,0.269258
3712.5,0.25
3712.02,0.033
3711.81,0.01
3711.11,0.01
3710.8,0.5
3710.6,0.01
3710.5,0.01
3710.28,0.01
3710,3.0011728
3709.99,0.25
3709.27,1.01
3709,1
3708.57,0.01973467
3708,0.01
3707,0.025
3706,1
3705.05,0.1
3705,1.5149999
3704.73,0.02
3703.39,1
3703,0.127004
3702.12,0.0505
3702.09,0.14
3702.02,0.034
3702,0.025
3701.6,0.040523
3701.04,0.1
3701,0.7272061
3700.5,0.33
3700.25,0.05405
3700.03,0.05
3700.01,1
3700,34.78255
3699.45,0.01
3699.32,0.173901
3698,0.01
3697.14,0.01973467
3695,0.04123816
3693,0.2
3692.34,0.01
3692.02,0.035
3690.21,0.01
3690,1.2740813
3689.89,0.15
3689.1,0.03
3689.09,0.01195
3688.62,0.015131
3688.12,0.15
3688,1
3687.06,0.01
3686.41,0.01
3686,0.13530928
3685.71,0.02973467
3685.12,1
3685,0.5
3684.51,0.016128
3683.39,0.01557532
3682.17,0.16
3682.02,0.036
3681.69,0.01197
3681.65,0.01194
3681.64,0.01191
3681.25,2.4
3681.13,0.0356
3681.12,0.01176
3680.56,0.02
3680.24,0.02174
3680.1,0.08151952
3680,2.3506544
3679,0.2
3678.87,0.01
3678.78,0.3
3678,0.01
3677.07,0.01
3677,3.271955
3676.3,0.1
3676,0.3654
3675.75,2
3675.6,0.5
3675,2.01
3674.29,0.01973467
3674,0.116
3673.99,0.01
3673.86,0.01
3673.17,0.01
3672.43,0.2
3672.02,0.037
3671.62,0.12
3671.32,0.02
3671.14,0.13619746
3670.78,1
3670.1,0.024
3670,1.11
3669.69,0.05
3668.95,0.01
3668,0.2
3667.87,0.01
3667.06,0.333
3667,1.75
3666.03,0.35
3666,4.366254
3665,0.6163711
3664.71,0.01
3663.81,0.01
3663.35,0.01
3662.86,0.02973467
3662.26,0.01
3662.2,0.01
3662.08,1.1620138
3662.02,0.038
3661.71,0.5
3661.57,0.0434354
3661,1.4
3660,1.7825
3658.91,1
3658.55,0.01
3657.13,0.013214
3657,0.5
3656.82,0.07192487
3656.51,2.734848
3656.31,0.25
3655,1.9126
3654.1,0.04106
3654,0.1
3653,0.27375
3652.6,0.01
3652.02,0.039
3652,1.0649999
3651.99,0.12899388
3651.92,0.01
3651.43,0.01973467
3651.06,0.2
3651,1.7134745
3650.82,0.07
3650.05,0.1
3650.03,0.05
3650,38.157642
3649.79,0.01
3648.62,0.31
3647.99,0.01
3647.97,0.01
3647.79,0.01
3647,1.7568083
3645,0.30537486
3643.37,0.01
3642.02,0.04
3640.5,0.01370004
3640.2,0.1
3640,1.2397346
3639.06,0.01
3637.39,0.3
3636.39,0.25
3636.36,0.5
3636,2.5
3635,0.01650619
3632.09,0.06883
3632.02,0.041
3631,1.6500001
3630,0.023774099
3628.57,0.01973467
3627.52,0.01
3626.3,0.029
3626,0.032864
3625.99,0.075
3625.24,0.01
3625.01,0.84997
3625,0.08
3624.74,0.01453
3624,0.75
3623,0.5
3622.92,0.01
3622.02,0.042
3622,1.1
3621.85,0.33070204
3621.21,0.082856
3621,1.01
3620.1,0.025
3620,1.1177095
3619.07,0.05526
3618,0.01
3617.27,0.25
3617.14,0.01973467
3617,2
3616.86,0.138242
3616,0.0353
3614.3,0.14
3613,0.253
3612.02,0.043
3611,2.76
3610.55,0.01
3610,1.46
3608.25,0.1382941
3607.55,0.15
3605.88,0.27
3605.71,0.01973467
3605.12,0.11
3605.11,0.01
3605.05,0.1
3605,3.066618
3604.26,0.01387247
3603.81,0.69371027
3603,0.01
3602.12,0.060500003
3602.02,0.044
3602,0.02170187
3601.21,0.5
3601.1,0.03
3601.01,0.55
3601,4.398808
3600.1,0.1
3600.03,0.05
3600.01,1.21
3600,75.10706
3599,0.04
3598.68,0.011
3598,2
3594.29,0.01973467
3592.02,0.059
3592,0.1
3590,1.126713
3589.54,0.02714277
3589.2,0.25
3588.88,4.179577
3588.58,4
3588,1.0780001
3587,0.028
3585.85,0.024864
3585,1
3584.99,0.04338926
3582.86,0.01973467
3582.02,0.06
3582,5
3581.76,0.05584
3581.61,0.051
3581.44,0.25
3581,0.01320581
3580.14,0.5
3580,0.562857
3578.8,0.048
3578,0.01
3577.11,0.01
3577.02,1.0603
3576.92,0.03
3576,0.0279321
3575.8,0.02
3575,0.8201432
3572.07,0.0605
3571.43,0.01973467
3571.02,0.0606
3571,0.252
3570.51,0.04639676
3570.1,0.026
3570.02,1.0055966
3570,0.5887053
3567.8,0.28
3567.78,0.18
3567.02,0.061
3567,2.55
3565.21,2
3565,0.4
3564.39,0.02
3563,6.119
3562.07,0.0615
3561.02,0.0616
3561,2
3560.81,0.08759238
3560.75,0.39727187
3560,1.9776427
3558.23,0.01
3558.01,0.709
3558,0.16
3557.09,0.3
3557.02,0.0617
3557,0.02
3556.01,2.8
3555.55,3.05
3555.1,10
3555,1.94
3554.65,0.5
3554.14,0.39778
3554,0.12
3553,14.85236
3552.42,0.3041328
3552.02,0.0619
3551.06,0.2
3551.02,0.06195
3551.01,0.5
3551,4.362
3550.85,0.0616
3550.03,0.05
3550,22.340635
3549,0.31
3548.57,0.01973467
3548,0.5
3547.02,0.062
3546.57,0.03147433
3546.05,0.01
3545,0.08692525
3544.45,0.05643
3542.02,0.0602
3542,1.1000006
3541.02,0.064
3540.4,0.015
3540,0.0225
3539,0.1413
3537.32,0.0640825
3537.14,0.01973467
3537.02,0.0622
3536.69,0.5
3536.25,0.024938
3536,0.02971594
3535.98,0.5
3535,0.758
3534.87,0.05
3534.02,0.02
3534,1.043
3532.02,0.0605
3532,0.4
3531.05,0.01
3531.02,0.06235
3531,0.25
3530,1.0411972
3529,0.565
3528.6,0.5
3527.02,0.0624
3527,0.92876005
3526.69,1
3526.66,0.27
3526.01,0.5
3526,1
3525.91,0.01
3525.71,0.01973467
3525.25,0.05
3525,57.514576
3523.84,1
3522.84,0.071
3522.02,0.061
3522,0.33
3521.67,0.01
3521.02,1.0633
3521,1.301
3520.64,0.05505898
3520.1,0.037199
3520,2.1931484
3519.32,10
3519,0.2221
3518.9,0.032
3518,26.609043
3517.02,0.0635
3516.38,0.01
3515.25,0.25
3515.1,0.04614482
3515.06,0.024
3515,0.60367227
3514.29,0.01973467
3513.23,0.043
3513,7.2000003
3512.11,0.15
3512.02,0.0641
3511.88,0.2
3511.5,0.01423557
3511.11,0.029966
3511.02,0.0643
3511,5.1420536
3510.28,0.05
3510.12,0.3
3510,21.357157
3508.99,0.01
3508.75,0.07125
3508.1,0.1
3508,1.7139148
3507.76,0.1
3507.37,3.5209014
3507.02,0.064
3506.32,0.01
3506,0.85516256
3505.75,0.05
3505.15,0.01422907
3505.05,0.1
3505.01,0.14
3505,1.7433
3504.24,0.01
3504,1
3503.07,0.02
3503,1.279322
3502.86,0.01973467
3502.7,0.15
3502.54,0.42719042
3502.4,0.02
3502.1,0.14277148
3502.02,0.064248
3502,4.7290864
3501.45,0.02
3501.43,0.143
3501.2,0.01
3501.13,1.2
3501.12,0.336
3501.11,0.01
3501.1,0.15
3501.02,0.14568342
3501.01,1.6
3501,7.288517
3500.9,0.04946
3500.49,0.01
3500.11,0.2856
3500.1,0.05714122
3500.03,0.05
3500.02,1.8204
3500.01,0.21000001
3500,141.94975
3499.35,0.0428
3499,2.1999998
3498,1.01
3497.91,0.01
3497.02,0.0644
3496.23,0.143
3496.02,0.0647
3496,6.7646604
3495,0.63837767
3494.01,0.75
3492.54,0.01
3492.39,1
3492.33,0.1
3492.02,0.065
3491.45,0.3025
3491.43,0.01973467
3491.27,0.285713
3491.02,0.0652
3490.24,1
3490,3.5431519
3488,0.015
3487.69,0.05
3487.02,0.0653
3487,0.42025864
3486.02,0.3154
3485.1,0.1
3485,1.0672166
3482.02,0.0655
3482,0.02873
3481.88,0.430802
3481.11,0.02958341
3480.02,0.091953
3480,1.5685983
3479,0.02
3478.79,0.0809
3478,0.51
3477.02,0.0658
3476,0.32987
3475.11,0.02878
3475,1.64
3474.39,0.01
3473.87,0.057
3473.22,0.2
3472.71,0.02
3472.65,0.01
3472.02,0.066
3471.02,0.095
3470.96,0.05
3470.1,0.028
3470,1.1261793
3468.57,0.01973467
3468.05,0.07461934
3468,0.37255302
3467.02,0.0662
3466.56,0.029
3466,0.1
3465.2,0.0443
3465,0.03
3464.82,0.0954
3463,0.25
3462.02,0.0764
3461.02,0.098
3460.57,0.02
3460,0.12597498
3458.74,0.14456
3458,0.5
3457.47,0.01
3457.14,0.01973467
3457.1,0.01
3457.02,0.0666
3456.78,0.07
3456.7,0.01
3456.05,0.12
3456,0.095
3455.65,0.7234529
3455.55,0.02
3455,3.1888537
3453.76,0.01
3453.02,0.11584
3453,0.02165352
3452.02,0.144844
3452,0.034
3451.1,0.1
3451.06,0.2
3451.01,0.5
3451,0.62
3450.2,1
3450.13,0.3292
3450.03,0.05
3450.01,0.325
3450,8.519427
3449.33,0.07745619
3449.09,0.07230177
3448,0.29
3447.02,0.067
3445.78,0.01
3445.71,0.01973467
3444.44,1.3
3444,50.27
3442.09,0.01
3442.02,0.0672
3441,0.0648
3440,0.41851163
3439.89,0.05
3439,0.61
3437.02,0.0673
3436.39,0.093
3435,3.295
3434.29,0.01973467
3434.12,1.75
3433.83,0.07262304
3432.02,0.0674
3430.02,0.145772
3430,1.166139
3429.5,0.03
3428.57,0.35
3428.29,0.05
3427.02,0.0675
3427,0.5
3426.56,0.0292
3426.5,1
3425.15,0.1
3425.14,0.058391
3425,2.448529
3424.09,0.65623087
3422.86,0.01973467
3422.02,0.0676
3422,0.46
3421.08,1
3421,0.01
3420.02,0.146198
3420.01,0.01
3420,2.86658
3419.32,10
3418.93,0.1
3418,0.045
3417.02,0.0677
3417,0.01
3415,2.1456075
3414.6,0.035
3413.36,1
3413.07,0.0918688
3413,0.1
3412.32,0.144
3412.14,0.146535
3412.02,0.0678
3411.43,0.01973467
3411.15,0.01
3411.05,0.2
3411,0.14
3410,2.8761282
3409.99,0.01
3409,50.129997
3408,0.025
3407.03,0.01321855
3407.02,0.0679
3407,0.512
3406.6,0.153
3405.73,0.01
3405.22,0.5
3405.05,0.1
3405,0.14500001
3404,0.02
3403.12,0.11
3402.55,0.055
3402.5,3.33
3402.33,0.1
3402.13,0.025
3402.06,0.02939396
3402.02,0.146972
3402,0.37
3401.12,0.0505
3401.01,1.55
3401,28.854107
3400.1,0.1
3400.02,0.29411
3400.01,1.5914
3400,77.026115
3399,0.5
3398.12,0.07357
3397.32,0.01
3397.02,0.0681
3395,0.03240059
3394.43,1.5
3392.86,0.02
3392.02,0.0682
3391.75,2
3390,1.01
3389.11,0.5
3388.57,0.01973467
3387.73,0.152
3387.3,0.06514
3387.02,0.0683
3386,0.1
3385.92,0.3
3385.37,0.01
3385,1.0295421
3382.02,0.0684
3381.02,0.147883
3381,0.5
3380,12.877752
3378.96,0.01
3378,0.53
3377.53,0.01482
3377.14,0.01973467
3377.02,0.0686
3377,0.03
3376.82,50
3376.27,0.02154449
3376.1,0.1
3375,1.0699999
3374.24,0.01
3373.24,0.15
3372.02,0.0688
3372,0.04347568
3371.97,0.149
3371.03,0.5
3370,20.01
3369,0.25
3368.98,0.5
3368.08,0.5
3368,0.1
3367.02,0.069
3366.56,0.03
3366,0.1
3365.71,0.01973467
3365,1.0278316
3362.02,0.0692
3362,0.1
3360.89,0.04545578
3360.01,0.01
3360,3.085
3359.78,0.02
3359,0.115
3358.08,0.191
3358,0.02977963
3357.02,0.0694
3356,0.01855934
3355.55,3
3355,0.6700001
3354.29,0.01973467
3353.8,1.0000012
3352.11,0.2984
3352.02,0.149164
3351.06,0.2
3351.01,1.2
3351,2.4891076
3350.7,1
3350.01,0.2
3350,56.45795
3349.68,0.04268074
3348.9,0.025
3347.02,0.0696
3346.15,0.03
3345.6,0.01
3342.86,0.01973467
3342.02,0.0697
3342,0.17
3340,0.21000001
3337.02,0.080299996
3336.68,0.2
3336.67,0.5
3336.66,0.25
3335,0.037991002
3334.52,0.015
3334,0.3
3333.69,0.074
3333.33,2.5249999
3333,6.0770006
3332.03,0.5
3332.02,0.07
3331.43,0.01973467
3331,0.5
3330,0.035
3327.5,0.1
3327.02,0.0703
3326.56,0.03
3326.02,0.01
3326,1
3325,1.2299999
3324,13.77
3323,50
3322.02,0.0705
3322,0.296
3321.01,1
3320.99,0.0434
3320.01,0.01
3320,0.28790697
3318.47,0.3845
3318.4,0.01
3317.07,5
3317.02,0.0708
3317,1
3316.61,0.0402
3315.68,0.03065233
3315,1.15
3313.4,0.087
3313.36,1
3313,0.025
3312.2,0.1
3312.08,0.01
3312.02,0.071
3311.11,0.0554
3311,3.3
3310.1,0.03
3310,0.33042297
3309.33,2.7
3308.57,0.01973467
3308.21,1
3308,0.6243047
3307.26,0.1
3307.02,0.072
3305.15,0.120000005
3305,1.9104888
3304.83,0.2
3304.14,0.31528
3304,50
3303.99,0.01
3303,0.235
3302.91,0.1
3302.02,0.151422
3302,0.73999995
3301.99,1.6861787
3301.51,5
3301.5,1
3301.12,0.0505
3301.1,0.1
3301.01,1.5
3301,3.8643801
3300.25,0.0606
3300.09,3.03022
3300.05,0.2
3300.01,0.52
3300,73.77374
3299.99,1.471
3299.63,0.01
3299.55,0.09092148
3299,2
3297.14,0.01973467
3296,0.01517
3295.95,0.18
3295.51,0.25
3293.1,1.5183262
3292,0.5
3290.43,0.7597791
3290,0.02823708
3289.89,0.05
3288.82,0.1280731
3288.01,0.16
3285.71,0.01973467
3285.32,0.25
3284,0.51
3280.13,0.151
3280.01,0.01
3280,2.6100001
3278,2.41
3277.83,50
3277.11,0.01
3275.26,0.1
3275,0.16832061
3274.29,0.01973467
3272.12,0.152806
3271,1
3270,0.11774311
3269.83,0.023361
3267.7,0.035
3267.6,0.048
3267,0.25
3266.9,0.2
3266.56,0.071499996
3266.55,0.068337
3266,0.117
3264.81,5
3263,1.5324
3262.86,0.01973467
3261.92,0.02
3261,0.15
3260.13,1
3260,0.12840492
3259.02,0.01534
3259,0.1
3258.42,0.15345
3257.63,0.02
3257,3.035
3256.04,0.17
3255.39,0.605
3255,0.07
3254.83,0.04880497
3254,2
3253.53,0.01
3253.25,0.25
3253,1
3252.98,0.16
3252.58,0.092233
3252.11,1.85
3252.02,0.15375
3251.43,0.01973467
3251.06,0.2
3251.01,1.5
3251,19.396559
3250.49,0.01
3250.01,0.5
3250,27.421913
3247,1.2319064
3246.19,0.605
3245.6,0.01
3245.55,0.1
3245,2.26849
3244,50.06165
3243,0.39
3242.89,0.018476
3242,0.066
3241.32,0.03077447
3241.29,0.01612144
3240.01,0.01
3240,0.7640547
3238,0.085
3235,0.2
3233,0.08
3232.32,0.5
3232.06,1
3232,0.04
3231.37,0.02
3231,0.28100002
3230,2.3285758
3229,0.11923196
3228.6,0.5
3228.57,0.01973467
3228,0.01
3227.24,0.05369805
3227.02,0.15804
3227,0.1
3226.77,50
3226.56,0.031
3226.01,0.5
3226,0.28979
3225.1,0.1
3225,1.7450805
3224.18,0.05
3224,0.75
3223.84,2
3222,1.1285
3221.26,0.07
3221,0.1
3220,0.36
3219,0.15533
3218.37,50
3218,0.05
3217.14,0.01973467
3216,1.4254571
3215.9,0.15
3215.15,0.04
3215,0.01866252
3214.56,0.15
3214,0.5
3213.43,0.1
3213.36,1
3212.5,1
3212,0.025
3211.97,0.156
3211.91,0.1
3211.69,0.01538
3211.63,0.60227513
3211,0.62285894
3210.12,0.01
3210,4.5585
3209.62,0.05
3209,1
3208.76,0.03116469
3208.69,0.04
3208.64,0.01
3208,0.4
3205.71,0.01973467
3205.15,0.1
3205.1,5
3205,4.4249997
3203.88,1
3203.12,0.11
3203,1.0207416
3202.13,0.025
3202.02,0.15615
3202.01,0.05
3202,0.52000004
3201.12,0.101
3201.1,0.25
3201.01,1.5
3201,8.475
3200.5,0.031245
3200.01,0.51
3200,178.7599
3199.9,0.25
3196.86,0.0938
3194.29,0.01973467
3193.33,0.05
3190.23,0.5
3190,0.7509999
3189.36,0.2
3189,0.5
3187,0.0313
3185,0.0188383
3182.86,0.01973467
3182,0.1
3180.42,0.01
3180,50.159996
3179.63,0.630985
3178,0.01
3177.02,0.163674
3176.12,0.23614
3176,0.07
3172,0.01
3171.43,0.01973467
3170,0.07622744
3169.55,1
3169.51,0.01
3166.91,0.03
3166.56,0.0316
3164.57,0.1741411
3163.53,0.0948
3160.28,6.80777
3160.01,0.01
3160,0.8837347
3159.99,0.5
3159.11,0.65
3158,4
3157,3
3155,0.03901743
3154.56,1
3153.33,0.79281265
3153,0.5
3152.02,0.15863
3152,1
3151.06,50.2
3151.01,0.5
3151,1.2
3150.1,0.2
3150.01,0.5
3150,24.610546
3149,0.305
3148.57,0.01973467
3140,2.3291082
3139.89,0.05
3139,0.318573
3137.14,0.01973467
3135,1.62911
3133.67,0.045
3133,0.674241
3132.3,0.03
3130,0.01
3128,0.35
3127.02,0.169489
3126.01,0.5
3126,0.01
3125.71,0.01973467
3125.01,0.4
3125,50.3392
3123.4,0.01
3122.68,5.2007365
3122,0.62299997
3120.97,0.16
3120.13,0.03205
3120.01,0.01
3120,1.11
3115.38,0.03
3115,1.3125
3114.29,0.01973467
3114.14,0.05
3113.52,0.25
3113.36,1
3113,0.5
3112.22,0.03
3112,0.0192
3111,1.587873
3110.15,1.6076396
3110.11,1
3110,3.0792925
3109.99,0.1
3109.33,6.66
3108.5,0.25
3108,0.4323
3106.69,0.01609
3106.01,0.67676
3106,52.345528
3105.5,0.7
3105.44,0.1
3105.15,0.1
3105,1.36871
3104,0.02
3103.89,0.05
3103.21,1
3102.86,0.01973467
3102.02,0.161184
3102,1.5200001
3101.5,0.2
3101.12,0.101
3101.1,0.25
3101.01,1.517915
3101,8.54432
3100.23,0.05
3100.03,0.31
3100.01,1.2
3100,94.649
3099.7,0.23
3098,1
3095.4,0.2
3095,0.01938611
3092.94,0.06466339
3091.43,0.01973467
3090,4.01
3089.64,0.5
3089,1.01
3088,5
3087.12,0.032394
3080.01,0.01
3080,1.0877604
3078.86,0.4
3078,0.22
3077.02,0.175495
3077,1
3076.92,0.1625
3076.66,4.773488
3076.02,3.5
3076.01,0.5
3076,1
3074.67,0.03
3074,50
3072.67,3
3071.5,0.01
3071,3
3070,2.01
3069.69,5.5
3069,0.1
3068.57,0.01973467
3067.77,2
3067,0.15
3066.6,0.01
3066.2,50
3066,0.017
3065.75,0.5
3065,0.16957587
3063.36,1
3063.33,0.6704117
3063,0.2
3061.61,0.0381
3061,0.35000002
3060.22,0.01
3060,2.76
3059,0.65
3057.77,7.5
3057.62,0.25
3057.14,0.01973467
3056.1,0.072
3056,1
3055,4.661839
3053.91,0.04
3053.78,0.1
3053.1,0.1
3052.02,0.163826
3052,0.02
3051.11,0.1
3051.06,0.2
3051.01,0.5
3051,2.75
3050.5,0.1
3050.23,0.0978
3050.01,0.8
3050,41.94454
3049.5,0.25
3049,0.65595275
3048.33,0.2816828
3047.33,50
3045.79,3.858122
3045.71,0.01973467
3045.35,0.01
3045,1
3042.84,0.1
3041.5,1.0202953
3041.24,0.06576264
3040.32,0.2317259
3040.01,0.01
3040,0.44599998
3039.78,0.01646
3039,0.29000002
3037.55,1
3037.32,1
3037.17,1
3036.79,0.1646474
3036.3,0.1
3035.91,0.16
3035,1.1397693
3034.84,0.01
3034.29,0.01973467
3033.33,3
3033,0.25
3032.88,1.025
3031,1.0659848
3030,0.802033
3028.97,0.165
3028,0.9
3026.5,0.39
3026.01,0.5
3026,1.730935
3025.88,0.22162068
3025.5,0.1
3025.02,0.181818
3025,4.2930756
3024.85,0.1
3022.86,0.01973467
3022.68,0.2
3022,0.2
3021.21,0.165496
3021.01,0.05
3021,0.8471
3020,1.5158399
3019.6,1
3018.75,0.1
3018.11,0.1
3018,1.8
3017.63,50
3017.56,0.35
3017,1.5
3016.67,0.05
3016.01,0.5
3016,1.13
3015.1,0.1
3015,2.15
3014.06,0.08642
3013.36,1.01
3013.23,0.07
3013,1.114173
3012.3,0.01
3012,40.10682
3011.67,0.19
3011.58,0.2
3011.43,0.01973467
3011.12,20
3011.1,0.01
3011,4.710578
3010.15,0.3
3010.1,0.1
3010.05,0.166
3010.01,1.5
3010,36.957756
3009.01,0.75107
3009,0.5
3008.99,0.033232
3008,0.75
3007.77,4.591
3007.24,0.03316995
3007,2
3006.31,1
3006.1,0.2
3006.01,0.5
3006,12.917
3005.64,1
3005.5,0.1
3005.4,1
3005.23,0.2
3005.05,0.16655463
3005,2.6752965
3004.88,0.35
3004,0.198
3003.52,1
3003.48,0.066
3003.34,0.1
3003.33,0.5
3003.11,3
3003.1,0.17
3003.06,0.1
3003.04,0.1665
3003.03,0.266397
3003,3.575
3002.2,0.1
3002,2.615
3001.99,1.533112
3001.93,0.15
3001.58,0.2
3001.57,0.5
3001.4,1.0854546
3001.36,0.1
3001.28,0.25
3001.26,0.333
3001.24,5
3001.23,1
3001.15,6.664112
3001.12,0.0505
3001.1,1.0867071
3001.02,0.067
3001.01,1.5
3001,104.08949
3000.98,0.113297
3000.5,0.016664
3000.1,0.24849325
3000.05,0.5
3000.03,0.033333
3000.02,1.01
3000.01,6.081853
3000,276.38565
2999.99,0.2667351
2999.79,0.145
2999.7,0.5
2999,10.164001
2998.85,0.05
2998.48,0.36
2998.26,0.01
2998.1,0.1
2998,2.155555
2997,1
2996,0.5
2995.99,0.1
2995.18,0.2
2995.12,0.033389
2995.1,0.5
2995,2.6574042
2993.69,1
2993,0.026663879
2992,0.0333389
2991.7,1.5
2991,0.074
2990.9,0.01
2990.81,0.06670445
2990,4.3634443
2989.89,0.05
2989.55,1.05
2989,0.1
2988.88,0.2
2988.15,0.22620943
2988,8.52
2987.34,0.01994933
2987.01,0.05
2987,0.11
2986.24,0.02467914
2985.18,0.2
2985.12,0.03
2985,1.6808542
2983.97,1
2983.45,0.2
2983.22,0.01
2982.92,0.05
2981.1,0.2
2981,0.51
2980,2.219964
2978.51,0.05
2978.44,0.18
2976,0.2
2975,67.492134
2974.68,0.01994933
2974,1.24485
2973.91,0.01
2972.49,0.15
2972,0.06
2970.08,0.5
2970,0.123326756
2968,0.1289222
2967,0.5
2965.58,0.05
2965,1.1034169
2963.36,1
2963.22,0.01
2962.03,0.01994933
2961.1,0.2
2961,3
2960.53,0.5
2960.01,0.01
2960,0.23
2958.98,0.14
2956,6.0382276
2955.92,0.05
2955.7,0.1
2955.01,0.25
2955,0.02
2953.83,1
2953,0.33779207
2951.1,0.25
2951.06,0.2
2951,1.41
2950.03,0.03389796
2950.02,50
2950.01,1
2950,8.485023
2949.37,0.01994933
2949.25,0.25
2948.69,0.01
2947.5,0.01
2947,0.75
2945,0.02
2942,1
2940.77,0.22
2940,1.33
2937.9,0.12
2937.11,0.01
2936.71,0.01994933
2935.47,0.05
2935,0.03
2933,0.019
2930,0.08
2929.29,1.3
2929.24,0.5
2927.2,1.708117
2925,0.55282015
2924.05,0.01994933
2922.33,0.21
2920.01,0.01
2920,10.310002
2918.92,0.05
2918.75,0.2
2918.61,1.8618
2916.07,0.3027372
2915.88,0.2
2915,0.02
2913.71,0.01
2913.36,1
2912.67,50
2912,11
2911.58,0.2
2911.39,0.01994933
2911.11,0.1
2911,4.2
2910.6,0.2
2910.15,0.2
2910,2.3121946
2909,1.02
2908.92,0.05
2908,0.5184869
2907.84,0.982
2907,0.2
2905,0.0325
2902.5,0.01
2902.12,0.1
2902,0.03
2901.58,0.2
2901.5,0.516973
2901.1,0.25
2901.01,0.5103412
2901,3.98
2900.67,0.034475
2900.49,0.01
2900.03,0.0344824
2900.01,1.7
2900,40.59007
2899,3.5
2898.73,0.01994933
2898.17,0.03
2896.65,0.1
2895.99,0.1
2895,0.02
2894.64,1
2894,2
2892.3,1.7287
2891.7,2
2890.5,0.25
2890.15,0.1
2890,0.93000007
2889.64,1
2888.98,0.5
2888.89,0.25
2888.88,0.2
2888.8,0.208
2888.3,0.3
2888.03,1
2888,0.61
2887.97,0.0125
2886.08,0.01994933
2885.18,0.2
2885,0.02
2884.42,0.1
2883.61,1
2880.01,0.01
2880,0.7686494
2878.56,0.28295058
2877.6,0.2
2877.1,0.0522
2876,0.01
2875,1.6278261
2874.56,0.07086141
2874.43,0.01
2874,5.25
2873.61,1
2873.42,0.01994933
2872.14,0.0174
2872.01,0.66
2871.35,1
2870,3.1694
2869.04,1
2868.92,0.05
2867.45,0.5
2866,0.519
2865.54,0.35
2865.52,0.04823211
2865,0.02
2864.95,0.2
2863.36,1
2862.25,0.1112
2862.23,0.12
2861.07,0.3
2860.76,0.01994933
2860,0.53
2859.19,0.01
2858.31,0.03813959
2858,0.45221415
2857.5,0.01
2857.14,1.75
2857,1.42
2855,1.55
2852,0.03
2851.45,0.5
2851.1,0.25
2851.06,0.2
2851,0.15
2850.5,0.04321395
2850.03,0.03508734
2850.01,1.85
2850,15.527893
2849.33,0.01
2849,0.351
2848.73,2
2848.1,0.01994933
2846.69,0.0713
2845,0.42000002
2844.23,0.1
2844,1
2843,0.07
2840.01,0.01
2840,0.23
2838.38,0.1
2837.23,0.6502046
2835.44,0.01994933
2835,0.13
2833.77,1
2833,0.12
2832.9,0.07589396
2832,0.15
2830.07,0.01
2830,0.8083569
2829.02,0.01
2829,0.8
2828.28,0.01
2827,0.2
2826.76,0.7
2826.1,0.01
2825.28,0.6
2825,0.423983
2823.2,0.3
2822.78,0.01994933
2822.12,1
2821.77,0.02
2821.03,1
2821,1
2820,1.465
2819.19,1
2819.09,0.08981976
2815,5.89
2814,0.045
2813.76,0.03
2813.36,1
2812.84,0.0177
2812.5,0.01
2811.85,0.2
2811.53,0.2
2811.11,0.17
2810.98,0.5
2810.15,0.2
2810.13,0.01994933
2810,1.095
2808.88,1
2808.05,0.035612
2808,0.5
2807,1
2806.61,0.0356
2805.9,0.25
2805.55,0.21
2805,1.2501197
2803.67,0.1
2803.33,5
2802.22,0.01
2802.12,0.1
2802.01,0.05
2802,0.04
2801.9,0.06
2801.1,0.25
2801.01,0.897
2801,6.4207106
2800.03,0.03571391
2800.01,1.52
2800,66.47571
2797.91,5
2797.47,0.01994933
2795,1.02
2791.88,0.09724718
2790.09,0.2
2790,0.49
2789.89,12
2789.15,1
2789,0.1
2788.88,0.5
2788.03,1
2787.33,0.01
2785.42,0.2
2785,0.02
2784.81,0.01994933
2781,0.1118999
2780.24,0.1
2780,1.23
2779.66,0.01
2777.01,2.13
2776.01,0.03602292
2775.01,0.25
2775,0.47836
2772.15,0.01994933
2770,0.03
2769.55,0.01
2768.92,0.05
2768.68,0.3
2767.5,0.01
2766.66,1
2766.4,0.15
2765,0.02
2764.34,1.25
2763.67,2
2763.36,1
2762.14,0.01
2760.12,0.35
2760.01,0.01
2760,0.04
2759.49,0.01994933
2755,3.04
2754.98,0.5
2753,0.8
2752.2,0.01
2752,0.406215
2751.51,1
2751.1,0.25
2751.06,0.2
2751.02,0.01
2751,3.68
2750.1,0.4
2750.03,0.03636323
2750.01,1.0545453
2750,48.18316
2749,0.40007386
2747.01,1
2746.84,0.01994933
2745.9,1
2745,0.11173333
2744.98,0.01
2744.25,1.8219914
2743.21,0.01
2740,0.28
2738.48,0.07303322
2738.38,0.4
2735.81,0.0183
2735,0.02
2734.18,0.01994933
2732.32,0.18
2731.81,0.03
2730,0.04
2727.27,0.01
2727,9.679793
2726.13,1.1076381
2725,0.3969724
2722.5,0.01
2722.16,1
2721.52,0.01994933
2720.01,0.01
2720,0.03
2719,0.01
2718.61,1.8618
2718.21,1
2717.66,0.05721099
2716.67,0.05
2715,1.277828
2714,0.68787223
2713.36,1
2713,2
2711.5,1
2711.11,0.21000001
2711,0.5
2710.93,0.07
2710,0.28
2709.71,0.0125
2708.86,0.01994933
2708.55,0.01
2707.7,0.01
2707,0.92
2705.01,0.20577787
2705,0.02
2704,0.03
2703,0.35
2702.12,0.1
2701.77,0.1
2701.1,0.25
2701.01,0.5
2701,0.11
2700.49,0.01
2700.03,0.03703662
2700.01,1.7
2700,22.840513
2698.98,0.5
2698.14,0.06371808
2696.69,0.01
2696.2,0.01994933
2694.98,0.05769249
2694.7,0.15
2691,3
2690,0.01
2688.98,0.4
2688.88,0.5
2688.65,0.3
2688.03,1
2686.41,5
2685.42,1
2685,0.2
2683.54,0.01994933
2682.8,0.2
2680.01,0.01
2680,0.31
2677.5,0.01
2677.32,0.1
2677.02,0.37355
2675,3
2672.51,0.0125
2672.33,0.035
2671.55,0.06435206
2670.89,0.01994933
2670,0.01
2669,0.43
2667.76,0.25
2666.66,0.11
2666.3,1
2666,2.0752504
2665,0.2
2664,2
2661.06,0.125
2660.96,0.125
2660,1.078
2659,0.25704744
2658.23,0.01994933
2657.02,0.37636
2656.21,1
2655,2.2080002
2652.24,0.03
2652.02,0.754143
2652,0.1
2651.1,0.25
2651.06,0.2
2650.4,0.083
2650.03,0.03773542
2650.01,1
2650,6.4682126
2648,0.577645
2645.57,0.01994933
2642.09,0.01
2640.24,0.01
2640.01,0.01
2640,1.7175069
2638,1
2635.69,1
2635,1.1
2634,0.12099468
2633,0.16445
2632.91,0.01994933
2632.5,0.01
2630.96,0.01
2630,0.12
2629,0.017224
2627.02,0.38066
2626.63,0.01
2626.26,0.01
2625,0.01
2623,0.011
2622,0.32
2620.61,0.01
2620.25,0.01994933
2620,0.17
2618.89,0.01
2618,0.55
2616.72,50.0871
2616.67,0.055
2615.44,0.01
2613.36,2
2611.11,0.1
2611.06,0.125
2611,119.24087
2610.96,0.125
2610,1.035
2609.24,0.095812
2607.59,0.01994933
2607.02,0.38358
2607,0.011
2606,0.5
2605,1.1
2604.9,0.18
2604.34,2
2604.32,0.01
2603,0.05
2602.12,0.1
2602.02,0.384315
2601.1,0.25
2601.05,0.01
2601.03,1
2601.01,1
2601,21.52
2600.49,0.01
2600.03,0.03846109
2600.01,1.51
2600,180.79326
2595.17,0.01
2594.94,0.01994933
2594,0.6
2593.77,1
2591.49,0.01
2590.38,0.04236
2590,0.51
2588.88,0.5
2588.33,1
2587.5,0.01
2585.23,0.2
2585,0.2
2584.23,4
2584.07,0.01
2582.28,0.01994933
2580,0.397595
2579,0.13209955
2578.66,0.25
2578.24,0.01
2577.02,0.388045
2574.99,0.06
2574.72,0.02
2573.75,0.08770763
2573,0.759
2572,0.1
2570.5,2
2570,0.02
2569.62,0.01994933
2569,9.79
2567.39,0.01
2567.01,2.5
2566.67,0.07
2565,0.01
2561.61,0.0314
2561.06,0.125
2560.96,0.125
2560.01,0.01
2560,2.11
2558.88,0.6
2557.03,1
2556.96,0.01994933
2556,0.08
2555.55,3
2555,1.09
2554,0.05
2552.02,0.783693
2552,1
2551.1,0.25
2551.06,0.2
2551.01,1
2551,0.75
2550.03,0.03921526
2550.01,1
2550,43.542763
2549,0.01
2546.2,0.01
2544.3,0.01994933
2543,4
2542.5,0.01
2541.23,2
2540,3.01
2535,0.2
2531.65,0.01994933
2530,0.01
2527.02,0.395725
2526,2.51
2525.66,0.25
2525.25,0.02
2525,0.8
2524,0.10896
2523.02,4
2522.65,1.65
2521.43,0.01
2521.03,0.5
2521.01,0.05
2520.01,0.01
2520,6.5997496
2518.99,0.01994933
2518,1
2517.63,1
2516.67,0.06
2515,3
2513.36,2
2513.35,0.01
2512.87,1
2512,0.25
2511.76,0.2
2511.5,1.4926159
2511.11,0.2
2511.06,0.125
2510.96,0.125
2510.21,0.5
2510,3.556178
2509.01,0.03985635
2509,1
2508.88,0.5
2508,0.6
2507.77,9.144
2507,0.08
2506.33,0.01994933
2506.2,0.01
2505,9.5
2502.22,0.03
2502.02,0.399677
2502.01,0.02
2502,0.462
2501.1,45.25
2501.05,0.01
2501.01,1
2501,1.645311
2500.49,0.01
2500.11,1
2500.03,0.04
2500.01,2.2
2500,142.99574
2499.99,0.04
2499.69,4.215
2499,1.3100001
2498.81,0.01
2498,1
2497.5,0.02
2494.92,0.01
2493.67,0.01994933
2491.29,12.875169
2490,1.11
2489,0.5
2488.88,0.5
2488.86,0.01
2488.03,1
2488,2
2485.83,1
2485.19,0.01
2485,0.29517102
2481.01,0.01994933
2480.01,0.01
2480,2.6046774
2479.93,0.01
2477,0.117
2476,1
2475.82,0.01
2475,0.12
2471.06,0.25
2470.96,0.25
2470,0.01
2469.11,0.01
2468.35,0.01994933
2467.81,0.01
2466.96,0.08707151
2466.66,0.5
2466.55,0.01
2464.89,0.01
2462.22,0.02031
2460.85,0.01
2460.34,0.01
2460,0.07
2459.09,0.2
2457.9,0.025
2456.81,1
2455.7,0.01994933
2454.11,0.06112
2453.42,0.01
2452.8,0.21
2452.54,0.2
2452.5,0.01
2452.12,0.1
2452.02,0.407826
2452,3
2451.1,0.25
2450.92,0.01
2450.03,0.04081582
2450.01,1.0804079
2450,2.2684102
2449.69,4.064
2446.73,3
2445.03,0.01
2443.04,0.01994933
2442.09,0.01
2441.32,0.4
2440.97,0.01
2440.82,0.30311123
2440.01,0.01
2440,0.11
2439.64,0.01
2438,0.01
2436.05,0.01
2435,0.26520002
2434,0.7887208
2432.32,1
2430.38,0.01994933
2430,0.074999996
2426.2,0.03212
2425.57,0.01
2424.24,0.01
2424.22,0.5
2421.41,0.01
2421.06,0.25
2421.03,1
2420.96,0.25
2420,10.01
2419.29,0.01
2417.72,0.01994933
2417.67,2
2416.67,0.065
2414.8,0.01
2413.36,5
2411.53,0.2
2411.11,0.1
2410.91,0.01
2410,1.025
2408.91,0.01
2407.5,0.01
2407.12,0.2
2405.94,0.01
2405.9,0.5
2405.32,0.01
2405.06,0.01994933
2405,0.01
2404,0.5
2402.2,3.3302805
2402.16,0.01486283
2402.02,0.832633
2402,1
2401.15,92
2401.1,0.25
2401.01,2
2401,11.02
2400.95,0.01
2400.49,0.01
2400.03,0.04166614
2400.01,3.01
2400,18.330956
2399.69,4.06
2398,0.01
2396.22,0.01
2392.41,0.01994933
2391.84,0.0125
2391,1
2390,4.51
2389.35,0.01
2388.88,0.5
2386.43,0.01
2385.69,0.01
2385,0.26000002
2380,0.11
2379.75,0.02994933
2375,0.42
2373.83,0.01
2373.82,0.01
2371.06,0.25
2370.96,0.25
2370.84,0.01
2370,0.052
2368.5,0.3
2367.09,0.01994933
2365.85,50
2365.82,0.01
2362.5,0.01
2360.11,0.01
2360.01,0.01
2360,0.01
2359.07,0.01
2357.03,1
2356.01,0.01
2355,2
2354.43,0.01994933
2353,0.24
2352.02,0.425167
2351.1,0.25
2351,0.16000001
2350.25,0.01
2350.03,0.04255264
2350.02,0.5
2350.01,1
2350,9.38817
2349.69,4.065
2345.46,0.01
2343.29,0.02
2341.77,0.01994933
2340,0.02
2339.35,0.01
2335.5,0.02
2335,0.2
2334.8,0.01
2333.33,0.23
2333,0.01
2332.03,1
2330.12,0.025
2330,1.01
2329.89,0.01
2329.27,0.01
2329.11,0.01994933
2325,0.58
2324.69,0.01
2323.23,0.01
2323,5
2321.06,0.25
2320.96,0.25
2320.01,0.01
2320,0.18
2319.99,0.01
2317.5,0.01
2316.67,0.07
2316.46,0.01994933
2315.77,0.01
2313.36,2
2313.34,0.025
2311.91,0.1
2311.33,0.01
2311.11,0.1
2311.01,0.04
2310.82,0.01
2310,0.145
2309.86,1
2309.6,0.26
2308,0.01
2306.61,0.0349
2306.1,0.01
2303.88,1
2303.8,0.01994933
2303.31,0.02
2302.7,0.4
2302.02,0.868802
2301.1,0.25
2301.06,0.25
2301,0.75
2300.63,0.01
2300.49,0.01
2300.03,0.04347769
2300.01,2.2
2300,20.345282
2299.69,4.067
2296,0.42087
2295.17,0.01
2295,0.01
2293,50
2292,1
2291.33,1
2291.14,0.01994933
2290,3.7713537
2289.54,0.01
2288.88,0.5
2287.14,0.2
2286.11,0.01
2285,0.2
2284.84,3
2283.32,0.02
2280.01,0.01
2280,5.01
2279.76,0.01
2279,0.5
2278.48,0.01994933
2278.19,0.1
2275,0.01
2274.89,0.01
2273.67,1
2273.41,0.03694014
2272,7
2271.06,0.5
2271.02,0.0125
2270.96,0.5
2270.39,0.01
2270,0.01
2267,3
2266.17,0.01
2265.82,0.01994933
2263.88,0.5
2261.21,0.01
2260,6.747166
2255.46,0.01
2255.11,0.01
2253.16,0.01994933
2253,0.09
2252.02,0.88809
2251.76,0.25
2251.12,0.01
2251.1,0.25
2251.03,2
2251.01,1.05
2251,0.01
2250.6,9.95234
2250.03,0.04444385
2250.01,1
2250,3.9338877
2249.69,4.068
2245.35,0.01
2245.31,0.4
2244,0.089124
2243,3.9542515
2240.51,0.01994933
2240.01,0.01
2240,0.01
2239.3,0.01
2237,0.5
2235.56,0.02
2235,0.2
2233.44,3
2232,1
2231.19,0.01
2230,0.01
2228.68,0.01
2227.85,0.01994933
2225.99,0.01
2225.88,1
2225,2.21
2223.07,0.01
2222.22,0.01
2222,0.45999998
2221.06,0.5
2220.96,0.5
2220,1.01
2219.45,0.01
2216.67,0.075
2216.01,0.0226
2215.19,0.01994933
2214.84,0.2
2214.01,0.01
2213.36,2
2213.18,0.23
2213.13,0.1
2212.2,0.01
2211.23,0.05
2211.11,0.1
2210.91,0.01
2210.23,0.02
2210,1.025
2209,2
2207.17,2
2207.06,0.05
2205,1
2204.39,0.8843263
2204.06,0.01
2203,0.4
2202.53,0.01994933
2202.02,0.908255
2201.15,0.04
2201.12,1
2201.1,0.25
2201,5.486209
2200.5,0.1
2200.49,0.01
2200.03,0.04545392
2200.01,2.01
2200,21.729042
2199.99,0.01
2199.69,4.065
2197.11,0.01
2194.9,0.01
2190.37,0.01
2190,1.01
2189.87,0.01994933
2188.88,0.5
2185,1.2
2184.56,0.01
2184.42,0.03
2180.94,0.01
2180.34,0.02
2180,0.01
2178,0.045913
2177.22,0.01994933
2176.14,0.01
2175.46,1
2175,0.01
2174.8,0.31
2171.06,1
2170.96,1
2170,0.01
2168.09,0.01
2166.3,0.0230808
2166.28,0.03626501
2166.2,0.0230819
2166.1,0.023085
2164.56,0.01994933
2162.47,0.01
2160.01,0.01
2160,0.01
2159.42,0.01
2155.69,0.01
2155,0.25
2154.32,10
2153.52,0.01
2152.96,1
2151.9,0.01994933
2151.1,0.25
2150.64,0.01
2150.63,0.01
2150.03,0.04651097
2150.01,1
2150,3.29
2149,0.225
2148,0.01
2145,2
2144.57,0.01
2140.36,0.01
2140,0.11
2139.24,0.01994933
2135,1.21
2134,0.20902261
2132.32,0.01
2130.63,0.25
2130.39,0.01
2130.1,0.05
2130,2.81
2127.5,0.5
2126.58,0.01994933
2125.95,0.01
2125,1.02
2123,2.181859
2122,0.15
2121.21,0.01
2121.07,0.01
2121.01,1
2121,5
2120.32,0.03
2120.01,0.01
2120,21.2222
2115.5,0.5
2115.27,0.01
2115.01,0.0472811
2113.92,0.01994933
2113.36,2
2113.13,0.1
2113,0.02
2111.11,0.11
2111.08,0.01
2111,5
2110,0.11
2102.68,0.01
2102.02,0.951466
2101.27,0.01994933
2101.1,0.25
2101.01,1.14
2101,7.5
2100.98,0.3
2100.49,0.01
2100.18,0.04
2100.03,0.07856023
2100.01,1.45
2100,16.709042
2095.57,0.01
2095,0.02
2094.8,0.125
2090,1
2089.01,0.01
2088.88,0.5
2088.61,0.01994933
2085.8,0.01
2085,0.2
2080.92,0.01
2080.01,0.01
2080,0.4
2079,0.36122176
2078.48,0.25
2077.8,1
2075.95,0.01994933
2075.5,0.01
2075,0.50693
2072.44,1
2072,0.03
2071.06,1
2071.02,0.01
2070.96,1
2067.93,2
2066.77,0.3
2064.59,0.01
2063.29,0.01994933
2061.61,0.0393
2060.93,0.01
2059,0.5
2058.53,0.2
2056.18,3.5
2055.62,0.01
2055,3
2051.97,1
2051.51,0.25
2051.1,0.25
2051.03,0.01
2051.01,1
2051,0.125
2050.63,0.01994933
2050.01,1
2050,70.653694
2047.8,0.37
2040.01,0.01
2039.4,0.01
2037.97,0.01994933
2037.81,0.01
2036.08,0.1
2036,0.5656493
2035.89,0.01
2035,0.2
2033.33,0.217212
2029.97,0.01
2028,1
2025.74,0.01
2025.32,0.01994933
2024.2,0.02
2023.17,0.5
2022.03,0.02105023
2021.01,0.05
2020.4,0.07695511
2020.2,0.01
2020,0.71999997
2019.78,0.03112467
2019,0.25
2018.89,0.01
2017,0.123
2016.76,5.25
2016.57,2
2015,2.0261
2013.84,0.01
2013.36,3
2012.66,0.01994933
2012.25,0.05
2012.12,0.5
2011.53,0.1
2011.11,0.11
2011,8
2010.32,0.3
2010,22.015
2009.93,0.01
2009.16,0.2
2009,0.05
2008.69,5
2007.81,0.01
2005.59,0.14920796
2005,0.54
2003,2.2
2002.23,0.05
2002.22,0.025
2002.02,0.499497
2002,2.019001
2001.1,0.25
2001.02,0.02
2001.01,1.0249873
2001,0.69294256
2000.49,1.01
2000.03,0.12499813
2000.01,1.51
2000,264.53296
1999.69,8.285
1999,0.67
1995,1.01
1994.41,0.0251
1993.67,1
1992.42,0.0199988
1992,0.0266
1991.86,0.25
1990.24,1
1990,0.5
1988.88,1
1984.85,0.0199988
1983.32,0.03
1980,0.13
1977.7,0.1
1977.27,0.0199988
1976,0.10096154
1973,2.5
1971.87,0.01
1969.7,0.0199988
1967.67,1
1963.93,0.01
1962.12,0.0199988
1962,0.06
1961,0.0255
1960.01,0.01
1957,4
1956.4,1
1954.55,0.0199988
1951.1,0.25
1951.01,0.02562775
1951,3.326488
1950.03,0.12819803
1950.01,1
1950,1.1
1946.97,0.0199988
1944,0.05
1943.12,0.15682
1942.09,0.01
1940,0.1
1939.39,0.0199988
1938.3,0.11092194
1937,0.2
1931.82,0.0199988
1931.23,0.35469228
1930.44,0.1
1930,0.05
1928.3,0.44
1928,0.05
1927.84,0.1296814
1925,0.02
1924.24,0.0199988
1924.01,1
1920.21,0.03
1920.01,0.01
1919.19,0.01
1916.67,0.0199988
1914.65,3
1912,0.1569
1911.77,0.23
1911.11,0.1
1909.09,0.0199988
1905,0.077365
1902.02,1.051514
1902,0.07
1901.52,0.0199988
1901.1,0.25
1901.01,0.0263018
1900.03,0.13157687
1900.01,1.21
1900,11.481264
1898,1.5
1895,0.2
1893.94,0.0199988
1890,0.0125
1888.88,2.1
1888,0.01
1886.36,0.0199988
1885,0.795
1880.01,0.01
1880,0.026594
1878.97,0.01
1878.79,0.0199988
1877.63,1
1875.59,5
1875,0.01
1871.21,0.0199988
1870,1
1867.86,0.25
1867.22,0.05
1865,1.8766756
1863.64,0.0199988
1863,0.025
1860.01,0.5
1860,0.2
1856.06,0.0199988
1855.11,0.01
1851.1,0.25
1851.01,0.02701227
1850.03,0.13513292
1850.01,1
1850,7.0705185
1849.4,1
1848.48,0.0199988
1847,1
1843,2
1840.91,0.0199988
1840.5,1
1840.01,0.01
1840,0.025
1837.6,0.18
1836.99,0.08165532
1833.33,0.0199988
1832.01,0.01
1825.76,0.0199988
1825.01,1
1825,0.61
1822.43,1
1820.02,0.5
1820,0.6
1818.18,0.0299988
1812.12,0.22
1811.15,0.0359266
1811.11,0.1
1810.61,0.0199988
1810,1
1809.67,0.1479862
1808.67,0.03862
1806.61,0.0449
1805,0.01
1803.89,5
1803.34,0.05
1803.31,2.772679
1803.03,0.0199988
1803,1.386575
1802.02,1.6648
1801.1,0.25
1801.01,0.0777622
1801,0.25
1800.49,0.01
1800.03,0.13888657
1800.01,2.01
1800,36.411087
1799.69,6.225
1797.91,0.1
1795.45,0.0199988
1795,0.13927576
1794.96,0.0279
1792.68,0.2802
1791,0.01
1790,0.125
1789,0.055897
1787.88,0.0199988
1784.47,1
1784.19,0.023409
1782,0.03
1780.3,0.0199988
1780.2,5
1780,0.2
1772.73,0.0199988
1772,0.2
1770,0.1
1765.15,0.0199988
1760.01,0.01
1760,2.1
1758.2,0.3
1758,0.01
1757.58,0.0199988
1757,0.5634604
1756.54,0.01
1755.58,0.01
1755,0.65
1754.47,0.01
1753.57,0.01
1752.28,0.01
1751.1,0.25
1751.03,0.0228437
1751.01,0.02855494
1751,0.01
1750.43,0.01
1750.03,0.14285469
1750,8.869282
1749.5,0.01
1749,0.5
1747.6,0.01
1745,0.3439726
1744.67,0.01
1743.35,0.01
1742.57,0.01
1742.42,0.0299988
1742.09,0.01
1740,0.2
1739.41,0.01
1738.38,0.01
1737.51,1
1737.46,0.01
1736.61,0.01
1736,0.03
1735.35,0.2
1735.26,0.01
1734.85,0.0199988
1734.63,0.01
1733.76,0.5
1733.64,0.01
1732.65,0.01
1731.57,0.01
1731,2
1730.58,0.01
1730,0.1
1729.41,0.01
1728.42,0.01
1727.48,0.01
1727.27,0.0199988
1725.2,3
1723.37,0.01
1722.31,0.01
1721.56,0.01
1721,0.01229575
1720.45,0.01
1720.01,0.01
1720,0.3
1719.7,0.0199988
1719.52,0.01
1718.27,0.01
1717.39,0.01
1717.17,0.01
1716.55,0.01
1715.68,0.612
1713.82,2
1713.67,3
1713.64,0.01
1712.38,0.75
1712.12,0.0199988
1711.11,0.1
1710.49,0.01
1710,0.1
1709.35,0.01
1708.58,0.0125
1708.56,0.01
1708.3,0.07999045
1707.67,0.01
1706.65,1
1706.26,0.68
1704.69,0.01
1704.55,0.0199988
1703.26,0.01
1702.02,1.76261
1701.1,0.26
1701.01,0.0293943
1700.65,0.01
1700.53,0.01
1700.03,0.14705624
1700.01,0.21000001
1700,18.04206
1699.52,0.01
1698,0.1
1697.51,0.01
1696.97,0.0199988
1694.4,0.01
1694.22,3
1693.59,0.01
1692.29,0.01
1691.4,0.01
1689.69,0.01
1689.39,0.0199988
1689.24,0.01855957
1688.92,0.74
1688.59,0.01
1688,38.731586
1687.7,0.20686387
1687.51,0.01
1682,20
1681.82,0.0199988
1680.2,0.4
1680.01,0.01
1680,0.1
1679,0.3
1674.39,0.73193
1674.24,0.0199988
1670.43,0.01
1669.25,0.01
1668.45,0.01
1668.33,0.01
1667.71,0.01
1666.77,0.0125
1666.67,0.0199988
1666.66,1
1666.53,0.01
1666,0.31
1665.51,0.01
1664.71,0.01
1663.59,0.01
1662.67,0.01
1661.72,0.01
1660.61,0.01
1660.39,0.01
1660.24,0.01
1660,0.1
1659.98,0.01
1659.67,0.01
1659.44,0.01
1659.25,0.01
1659.09,0.0199988
1658.95,0.01
1658.84,0.01
1658.65,0.01
1658.45,0.01
1658.44,0.01
1658.21,0.01
1658,0.01
1657.77,0.01
1657.26,0.01
1656.35,0.01
1655.48,0.01
1655,0.19
1654.26,0.01
1653.52,0.01
1653.43,0.01
1652.3,0.01
1651.69,0.01
1651.52,0.0199988
1651.1,0.25
1651.01,0.03028449
1650.39,0.01
1650.03,0.15151238
1650,2.6499999
1649.56,0.01
1649.43,0.01
1649.17,0.01
1649.02,0.01
1648.77,0.01
1648.55,0.01
1648.47,0.01
1648.37,0.01
1648.16,0.01
1648,0.01
1647.81,0.01
1647.58,0.01
1647.27,0.01
1646.33,0.01
1645.4,0.01
1645,0.02
1644.79,0.01
1644.62,0.01
1644.42,0.01
1644.31,0.01
1644.15,0.01
1643.99,0.01
1643.94,0.0199988
1643.84,0.01
1643.39,0.01
1642.3,0.01
1641.73,0.01
1640.39,0.01
1640.01,0.01
1640,0.1
1638.65,0.01
1638.57,0.01
1638.37,0.01
1638.15,0.01
1637.38,0.01
1636.73,0.01
1636.36,0.0199988
1635.63,0.01
1634.87,1
1634.31,0.01
1633.47,0.01
1632.62,0.01
1632.61,0.01
1632.42,0.01
1632.32,0.3
1632.17,0.01
1632.04,0.01
1631.81,0.01
1631.56,0.01
1631.49,0.01
1631.39,0.01
1631.21,0.01
1630.55,0.01
1629.54,0.01
1628.79,0.0199988
1628.64,0.01
1624.59,0.02
1624.22,3
1622,2
1621.24,0.01
1621.21,0.0199988
1621.01,0.01
1620.83,0.01
1620.56,0.01
1620.44,0.01
1620.17,0.01
1620.01,0.01
1620,0.3
1619.84,0.01
1619.65,0.01
1619.42,0.01
1618.4,0.01
1617.6,0.01
1616.16,0.01
1615.78,0.01
1615.74,0.01
1615.58,0.01
1615.36,0.01
1615.19,0.01
1615,0.01
1614.61,0.01
1613.66,0.01
1613.64,0.0199988
1612.41,0.02
1612.2,1
1611.27,0.01
1611.11,0.1
1609.65,0.01
1607.19,0.06072897
1606.06,0.0199988
1604.58,0.01
1603.39,0.01
1603,1.5
1602.53,0.01
1602.02,1.872634
1601.43,0.01
1601.1,0.5
1601.01,0.08123028
1601,1.8
1600.27,0.02
1600.03,0.31249413
1600.01,0.02
1600,31.595999
1599.69,6.125
1599.28,0.01
1598.69,0.01
1598.48,0.0199988
1597.62,0.01
1597.27,0.01
1596.58,0.4
1595.43,0.01
1595.4,0.01
1592.42,0.04
1590.91,0.0199988
1590,0.0625
1589.57,0.01
1589.42,0.5
1588.59,0.01
1587.52,0.01
1585.33,0.01
1584.27,0.01
1583.53,0.01
1583.36,0.01
1583.33,0.0199988
1582.5,0.01
1580,0.1
1578.43,0.5
1575.76,0.0199988
1568.18,0.0199988
1567.45,0.01
1567,3
1566.48,0.5
1566.4,0.01
1565.49,0.01
1565,0.638977
1564.52,0.01
1564.22,5
1560.61,0.0199988
1560.01,0.01
1560,1.1
1559.69,8
1559.28,0.01
1555,0.8
1554.68,0.01
1554.41,0.01
1553.56,0.01
1553.35,1.4
1553.03,0.0199988
1552.64,0.01
1551.62,0.01
1551.1,0.75
1551.01,0.03223705
1551,0.01
1550.03,0.1612872
1550,3.95
1545.45,0.0199988
1540,0.1
1539.32,0.5
1539,1
1537.88,0.0199988
1535.04,0.02
1534.49,0.01
1533.34,0.01
1532.72,0.01
1532.58,0.01
1532.23,0.01
1532,0.01
1531.79,0.01
1531.61,0.0524
1531.58,0.01
1531.41,0.01
1531.34,0.01
1531.25,0.01
1530.99,0.01
1530.8,0.01
1530.6,0.01
1530.48,0.01
1530.42,0.01
1530.3,0.0199988
1530,2
1529.66,0.01
1529.18,0.01
1528.51,0.01
1528.3,0.01
1527.65,0.01
1527.04,0.01
1526.7,0.01
1525.36,0.01
1524.78,0.01
1524.56,0.01
1524.46,0.01
1523.53,0.01
1522.73,0.0199988
1522.66,0.01
1522.22,0.2
1520.75,1.15
1520.01,0.01
1520,5.1217
1519.48,0.5
1518.44,2
1517.44,0.041191
1515.15,0.0299988
1513.27,0.01
1512.41,0.01
1512.12,5
1511.11,0.1
1511,10.01
1510,0.5
1509.52,0.01
1508.55,0.01
1508.41,0.01
1508.34,0.01
1508.21,0.01
1507.97,0.01
1507.84,0.01
1507.59,0.01
1507.58,0.0199988
1507.36,0.01
1507.22,0.01
1506.99,0.01
1504.81,0.125
1504.72,6
1504.64,0.23688431
1504.63,0.01
1504.48,40
1504.42,0.01
1503.57,0.01
1503.07,0.05
1502.49,0.01
1502.02,1.99731
1502,0.01
1501.36,0.01
1501.11,0.1
1501.1,0.25
1501,5.099933
1500.49,0.01
1500.43,0.01
1500.03,0.16666333
1500.01,2.9
1500,101.738
1499.39,0.01
1499.24,0.01
1498.45,0.01
1498.03,0.01
1497.84,0.01
1497.64,0.01
1497.42,0.01
1497.27,0.01
1497.18,0.01
1497.16,0.01
1496.66,0.01
1496.04,0.01
1495.81,0.01
1495.59,0.01
1494.56,0.01
1494.46,0.01
1494.43,0.01
1493.81,0.01
1493.57,0.01
1493.38,0.01
1492.66,0.01
1492.42,0.0199988
1491.63,0.01
1491,1
1490.58,0.01
1489.81,0.01
1487.34,8
1484.85,0.0199988
1480.75,0.109725
1480.01,0.01
1480,0.1
1477.27,0.0199988
1473.26,0.0286643
1470.67,1
1470.31,0.01
1469.7,0.0199988
1469.3,0.01
1467.29,0.01
1465.58,0.01
1464.33,0.01
1462.12,0.0199988
1461,3
1460.28,0.01
1460,0.1
1459.64,0.01
1458.54,0.01
1457.91,0.0125
1457.71,0.01
1457,0.5
1455.58,0.01
1455.01,0.5
1454.55,0.0199988
1453.31,0.01
1452.67,0.01
1452,1
1451.51,0.01
1451.1,0.25
1450.66,0.01
1450,1.5
1449.6,0.01
1449.33,0.01
1448.63,0.01
1448.32,0.01
1447.42,0.01
1446.97,0.0199988
1446.71,0.01
1445.66,0.01
1444,2.5
1442.26,0.01
1441.52,0.01
1440.54,0.01
1440.01,0.01
1440,0.1
1439.49,0.01
1439.39,0.0199988
1438.67,0.01
1437.38,0.01
1436.36,0.01
1435.56,0.01
1434.63,0.01
1433.48,0.01
1432.51,0.01
1432.2,0.25
1431.82,0.0199988
1431.37,0.01
1430.74,0.01
1430.3,0.01
1430,0.5
1429.36,0.01
1428.4,0.01
1427.41,0.01002421
1427.34,0.01001613
1427.2,0.01
1427.04,0.01
1426.76,0.01
1426.72,0.01001185
1426.58,0.01
1426.51,0.01001797
1426.36,0.01
1426.18,0.01
1426.05,0.01
1425.76,0.01
1425.64,0.02001193
1425.26,0.01000695
1424.38,0.01000694
1424.24,0.0199988
1422.55,0.01000697
1422,0.035
1421.96,0.01
1421.76,0.01
1421.6,0.01
1421.4,0.01
1421.24,0.01
1420.96,0.01
1420.83,0.01
1420.65,0.01001486
1420.58,0.01
1420.41,0.01
1420.01,0.02
1420,0.21000001
1419.59,0.01000747
1418.3,0.01000783
1416.67,0.0199988
1416.61,0.01
1416.39,0.01
1416.33,0.01000696
1416.18,0.01
1415.59,0.0100077
1415.46,10
1415,0.0389
1414.14,0.01
1411.11,1
1411,11
1410.48,0.01000815
1409.27,0.01000701
1409.09,0.0199988
1405.4,0.01000707
1402.66,0.01000708
1402.54,0.01
1401.52,0.0199988
1401.51,3
1401.2,0.25
1401.01,0.05
1401,0.01
1400.49,0.01
1400.28,0.01000708
1400.01,0.01
1400,8.718922
1399.69,6.145
1399.6,0.01000706
1398.25,0.01000708
1394.35,0.01000925
1393.94,0.0199988
1393.84,0.01
1393.39,0.01001077
1392.37,0.01000898
1391.6,0.16994826
1391.35,0.01
1390.25,0.01
1390,0.0625
1389.61,0.02025
1389.54,0.01
1387.37,0.0225
1386.59,0.01
1386.36,0.0199988
1385.73,0.01
1384.49,0.01
1382.58,0.01
1382,20
1380,0.1
1378.79,0.0199988
1376.11,0.02
1371.21,0.0199988
1371,7
1369.46,0.01
1367.69,0.01
1366.63,0.01
1365.77,1
1365.28,0.024999999
1364.57,0.01
1363.71,0.01
1363.64,0.0199988
1362.44,0.01
1360.45,0.01
1360.01,0.01
1360,0.1
1359.26,0.01
1358.68,0.01
1357.3,0.01
1356.55,0.01
1356.06,0.0199988
1354,0.1308
1352.45,0.01
1351.57,0.01
1351.51,0.5
1351.2,0.25
1350,101.590004
1348.48,0.0199988
1342.09,3
1340.91,0.0199988
1340,0.1
1339.42,0.01
1338.46,0.01
1337.37,0.01
1333.43,0.01
1333.33,0.0199988
1332.39,0.01
1332,0.0375
1331.5,0.01
1331,10.020617
1330.74,0.01
1329.25,0.01
1329,0.01
1328.89,0.07525077
1328.59,0.01
1327.62,0.01
1326.42,0.01
1325.76,0.0199988
1325.44,0.01
1324.43,0.01
1323.5,0.01
1322.55,0.01
1320.62,0.01
1320,0.1
1319.71,0.01
1318.45,0.01
1318.18,0.0199988
1317.47,0.01
1316.34,0.01
1315.44,0.01
1314.51,0.01
1313.36,0.01
1313.13,0.01
1312.24,0.01
1310.63,0.01
1310.61,0.0199988
1309.71,0.01
1308.39,0.01
1308.33,0.01
1307.32,0.01
1307.27,0.01
1306.47,39
1305.54,0.01
1304.32,0.01
1303.4,0.01
1303.22,0.01
1303.03,0.0199988
1302.5,0.01
1302,1
1301.61,4
1301.37,0.01
1301.1,0.25
1301.07,0.1
1300.49,0.01
1300.38,0.01
1300.03,0.19230326
1300,18.308102
1299.36,0.01
1298.37,0.01
1297.92,0.025
1297.46,0.01
1296.26,0.01
1295.58,0.01
1295.45,0.0199988
1295,0.5
1294.61,0.01
1294.48,1
1293.67,0.01
1293.01,0.02
1291.38,0.01
1290.48,0.01
1290,0.125
1288.88,3.28
1288.73,0.01
1287.88,0.0199988
1286.55,0.07601725
1286.39,0.01
1285.56,0.01
1284.39,0.01
1284,0.1
1283.57,0.01
1282.51,0.5
1282.29,0.01
1281.61,0.0503
1281.24,0.01
1280.68,0.01
1280.3,0.0199988
1280.01,0.01
1280,1.33859
1278.55,0.01
1277.74,0.01
1276.53,0.01
1275.44,0.01
1274.39,0.01
1273.43,0.01
1272.73,0.0199988
1272.26,0.01
1271.62,0.01
1271,20
1270.48,0.01
1269.46,0.01
1268.28,0.01
1266.41,0.01
1265.15,0.0199988
1264.65,0.01
1263.71,0.01
1262.67,0.01
1261.64,0.01
1260.6,0.01
1260,0.1
1259.43,0.01
1258.7,0.01
1257.58,0.0199988
1257.57,3
1256.82,0.01
1256.29,0.01
1255.69,0.01
1255,0.5
1254.63,0.01
1253.36,0.01
1252.27,0.01
1252.11,0.04354
1252,0.5
1251.51,0.5
1251.33,1.5
1251.1,0.25
1251,5.1
1250.34,0.01
1250.01,2.06
1250,11.49003
1249.58,0.01
1248.6,0.01
1247.45,0.01
1246.46,0.01
1245.53,0.01
1244.46,0.01
1243.59,0.01
1242.42,0.0199988
1241.52,0.01
1241,0.2808
1240.59,0.01
1240.01,0.01
1240,0.1
1239.73,0.01
1238.54,0.01
1238,2
1237.29,0.01
1237.28,0.01
1236.7,0.01
1235.37,0.01
1234.85,0.0199988
1234.51,0.01
1233.29,0.01
1232.28,0.01
1231.42,0.01
1230.47,0.01
1229.38,0.01
1228.24,0.01
1227.7,0.01
1227.27,0.0199988
1226.69,0.01
1225.63,0.01
1225.57,1
1224.43,0.01
1223.44,0.01
1222.3,0.01
1221.45,0.01
1221.1,0.05
1220.68,0.01
1220,0.1
1219.7,0.0199988
1217.27,0.01
1215,0.0469
1214.49,0.01
1212.51,0.01
1212.12,0.0299988
1211.32,0.01
1210.74,0.01
1209.54,8
1209.41,0.02
1208.66,0.01
1208.48,0.5
1207.36,0.01
1206.61,0.01
1205.33,0.01
1204.63,0.01
1204.55,0.0199988
1204,2
1203.52,0.01
1203.35,0.01
1202.7,0.01
1202.11,0.06281
1202,4.02
1201.59,5
1201.36,0.01
1201.2,0.25
1201.07,0.1
1201.01,0.1
1201,1.3
1200.49,0.01
1200.01,1.01
1200,28.067257
1199.69,6.17
1198.48,0.01
1197.53,0.01
1196.97,0.0199988
1196.51,0.01
1193.51,0.01
1192.66,0.01
1190,0.75
1189.39,0.0199988
1188.5,0.01
1187.68,0.01
1185.52,0.01
1183.71,0.01
1183.46,0.01
1181.82,0.0199988
1180,0.1
1179.57,0.01
1178.59,0.01
1177.67,0.01
1176.57,0.01
1174.28,0.01
1174.24,0.0199988
1173.65,0.01
1172.66,0.01
1169.29,0.01
1168.3,0.01
1167.95,10
1166.67,0.0199988
1166.45,0.01
1164.48,0.01
1163.7,0.01
1160.01,0.01
1160,0.1
1159.09,0.0199988
1159,2
1152.34,0.01
1151.52,0.0199988
1151.31,0.01
1151.1,0.25
1151,0.1
1150.51,0.01
1150,2.5130434
1149.37,0.01
1148.43,0.01
1147.69,0.01
1146.67,0.01
1145.59,0.01
1144.73,0.01
1144.47,0.01
1143.94,0.0199988
1141.58,0.01
1140.64,0.01
1140,0.1
1139.63,0.01
1138.36,0.01
1137.58,0.01
1136.54,0.01
1136.36,0.0199988
1135.31,0.01
1135.15,2.6649196
1134.66,0.01
1133.67,0.01
1132.48,0.01
1131.67,0.01
1130.31,0.01
1130,1.3
1128.79,0.0199988
1127.65,0.01
1127,3
1126.54,0.01
1125.3,0.01
1124.31,0.01
1123.51,0.01
1122,1.3639333
1121.61,0.01
1121.21,0.0199988
1120.94,0.32
1120.72,0.01
1120.66,0.01
1120.01,0.01
1120,0.266
1119.45,0.01
1118.38,0.01
1117.33,0.01
1116.72,0.01
1114.62,0.01
1113.7,0.01
1113.64,0.0199988
1111.12,3
1111.11,0.01
1111,13.5
1110,0.5
1109,235
1106.06,0.0199988
1105.52,0.01
1104.52,0.01
1103.55,0.01
1103.25,0.01
1102.45,0.01
1101.24,0.01
1101.1,0.25
1100.99,0.5
1100.49,0.01
1100.03,0.22726654
1100.01,1
1100,46.22
1098.48,0.0199988
1097.65,4.01
1095,0.035
1094.63,0.01
1090.91,0.0199988
1090.28,0.01
1090,0.5
1088.27,0.01
1086.32,0.01
1085.41,0.01
1084.47,0.01
1083.33,0.0199988
1083.32,0.01
1082.51,0.01
1081.66,0.01
1080.01,0.01
1080,0.1
1079.7,0.01
1078.72,0.01
1077.3,0.01
1076.68,0.01
1075.76,0.0199988
1075.54,0.01
1074.4,0.01
1073.39,0.01
1072.43,0.01
1070.65,0.01
1069.43,0.01
1068.64,0.01
1068.18,0.0199988
1067.56,0.01
1065,0.1174
1063.5,0.01
1062.31,0.01
1061.68,0.01
1060.61,0.0199988
1060,0.1
1059.53,0.01
1057.63,0.01
1056.58,87
1055.1,0.1
1055,3
1054.68,0.01
1053.36,0.01
1053.03,0.0199988
1052.63,0.01
1051.66,0.01
1051.1,0.25
1050.66,0.01
1050.5,0.01
1050,2.2
1049.55,0.01
1048.38,0.01
1045.64,0.01
1045.45,0.0199988
1043.42,0.01
1042.27,0.01
1040.01,0.01
1040,0.1
1037.88,0.0199988
1037.39,0.01
1035.49,0.01
1033.4,0.01
1033,0.3
1032.27,0.01
1031.61,0.0629
1031.45,0.01
1030.49,0.01
1030.3,0.0199988
1029.66,0.01
1028.38,0.01
1027,10
1025.47,0.01
1024.61,0.01
1023.63,0.01
1022.73,0.0199988
1021.01,0.1
1020.01,0.05
1020,0.1
1019.34,0.01
1018.55,0.01
1017.38,0.01
1017,21
1016.66,0.01
1015.69,0.01
1015.15,0.0199988
1014.47,0.01
1013.37,0.01
1013,5.4679184
1012.46,0.01
1012.12,5
1012.07,3.9523
1011.3,0.01
1011.11,0.1
1011,1.6
1010.5,0.01
1010.1,21.01
1010,3.950099
1009.45,0.060000002
1008.32,0.02
1008.27,0.01
1008,0.64
1007.69,8.5
1007.58,0.0199988
1007.21,2
1007,1
1005,3
1003.58,0.01
1002.58,0.01
1002.46,0.01
1002.32,10
1002.21,1
1002.2,0.25
1002,0.25
1001.51,0.01
1001.17,0.2
1001,12.505
1000.99,2
1000.49,0.01
1000.31,0.01
1000.03,0.25
1000.01,7.085
1000,280.96362
999.99,8.2613
999.69,6.2
999.59,0.01
999,8.41
998.35,0.01
997.58,0.01
996.68,0.01
995.33,0.01
994.54,0.01
993.53,0.01
992.31,0.01
991.58,0.01
990.38,0.01
990,0.5
989.37,0.01
989,0.5
988.51,0.01
987.67,0.01
986.31,0.01
985.61,0.01
984.42,0.01
983.56,0.01
982.42,0.01
982,2
981.55,0.01
980.32,0.01
980.22,0.1
979.3,0.01
978.74,0.01
977.52,0.01
976.72,0.01
976,17.4077
975.3,0.01
974.5,0.01
973.61,0.01
972.73,0.01
971.58,0.01
970.71,0.01
969.54,0.01
968.66,0.01
967.35,0.01
966.56,0.01
965.43,0.03
964.32,0.01
963.58,0.01
962.58,0.01
961.73,0.01
960.32,0.01
960.01,0.01
959.57,0.01
958.49,0.01
957.73,0.01
957.29,0.01
956.54,0.01
955.32,0.01
954.55,0.01
952.3,0.01
952.2,0.25
951.65,0.01
950.52,0.01
950,1.85
949.52,0.01
945,3
943.45,0.01
942.43,0.01
941.33,0.01
940.61,0.01
939.55,0.01
938.7,0.01
937.37,0.01
936.51,0.01
935.38,0.01
934.28,0.01
933.47,0.01
933.45,0.01
932.46,0.01
932.31,0.01
931.27,0.01
928.39,0.01
927.35,0.01
926.74,0.01
925.29,0.01
924.55,0.01
923.55,0.01
922.33,0.01
920.47,0.01
920.01,0.01
919.69,0.01
918.63,0.01
917.82,0.10895382
915.65,0.01
914.31,0.01
913.27,0.01
911.27,0.01
911,20
910.34,0.01
909.68,0.01
909,0.5
906.5,0.01
906,0.3327
905,0.05
903.33,0.01
902.72,0.01
901.55,0.01
901.2,0.25
901,2
900.49,0.01
900.03,0.27776852
900,9.64333
899.69,3.189
899.42,0.01
899.4,0.3
899.17,0.01
899.04,0.01
899,12
898.76,0.01
898.63,0.01
898.6,0.01
898.38,0.01
898.16,0.01
898.03,0.01
897.82,0.01
897.55,0.01
897.4,0.01
897.39,0.01
897.24,0.01
897.21,0.01
896.99,0.01
896.97,0.01
896.83,0.01
896.82,0.01
896.61,0.01
896.6,0.01
896.44,0.01
896.18,0.01
895.97,0.01
895.75,0.01
895.54,0.01
895.36,0.01
895.16,0.01
895.02,0.01
894.8,0.01
894.63,0.01
894.4,0.01
894.15,0.01
893.97,0.01
893.83,0.01
893.56,0.01
893.41,0.01
893.2,0.01
893,0.01
892.78,0.01
892.62,0.01
892.44,0.01
892.19,0.01
891.96,0.01
891.77,0.01
891.58,0.01060013
891.37,0.01
891.17,0.01
891,0.01
890.8,0.01
890.6,0.01
890.39,0.01
890.21,0.01
890,0.5
889.98,0.05
889.96,0.01
889.78,0.01
889.58,0.01
889.4,0.01
889.2,0.01
888.99,0.01
888.88,0.1
888.83,0.01
888.59,0.01
888.41,0.01
888.24,0.01
888,1.5
887.97,0.01
887.81,0.01
887.59,0.01
887.16,0.01
886.94,0.01
886.82,0.01
886.64,0.01
886.42,0.01
886.18,0.01
886.01,0.01
885.82,0.01
885.6,0.01
885.35,0.01
885.15,0.01
885,20
884.98,0.01
884.77,0.01
884.61,0.01
884.35,0.01
884.17,0.01
883.97,0.01
883.83,0.01
883.57,0.01
883.42,0.01
883.18,0.01
883.04,0.01
882.74,0.01
882.6,0.01
880.01,0.01
880,0.3
879.75,0.01
879.56,0.01
879.34,0.01
879.15,0.01
879.01,0.01
878.78,0.01
878.63,0.01
878.41,0.01
878.24,0.01
877.97,0.01
877.8,0.01
877.62,0.01
872.95,0.01
872.83,0.01
872.58,0.01
872.43,0.01
872.18,0.01
871.98,0.01
871.78,0.02
871.63,0.01
871.34,0.01
871.22,0.01
871,0.01
870.76,0.01
870.56,0.01
870.37,0.01
870.22,0.01
869.97,0.01
869.78,0.01
862.26,0.04
860.57,0.01
860.34,0.01
860.24,0.01
860,4.893721
859.74,0.01
859.58,0.01
859.38,0.01
859.2,0.01
858.97,0.01
858.8,0.01
858.56,0.01
858.41,0.01
858.17,0.01
858.03,0.01
857.97,0.01
857.82,0.01
857.63,0.01
857.37,0.01
857.16,0.01
857.02,0.01
856.77,0.01
856.61,0.01
856.37,0.01
856.17,0.01
855.95,0.01
855.79,0.01
855.77,0.01
855.58,0.01
855.39,0.01
855.35,0.01
855.15,0.01
855.02,0.01
855,5.165
854.79,0.01
854.6,0.01
854.37,0.01
854.17,0.01
854.01,0.01
853.98,0.01
852.2,0.5
851.51,1
851,0.02
849.95,0.01
849.8,0.01
849.55,0.01
849.37,0.01
849.16,0.01
849,0.01
848.74,0.01
848.6,0.01
848.38,0.01
848.2,0.01
847.98,0.01
847.76,0.01
847.56,0.01
847.42,0.01
847.15,0.01
847.03,0.01
846.77,0.01
846.62,0.01
846.41,0.01
846.16,0.02
846.02,0.01
845.81,0.01
845.54,0.01
845.39,0.01
845.14,0.01
844.98,0.01
844.83,0.01
844.58,0.01
844.35,0.01
844.2,0.01
844.19,0.01
843.95,0.01
843.83,0.01
843.58,0.01
843.43,0.01
843.2,0.01
843.02,0.01
842.75,0.01
842.61,0.01
842.4,0.01
842.18,0.01
841.96,0.01
841.84,0.01
841.62,0.01
841.38,0.01
841.2,0.01
840.95,0.01
840.82,0.01
840.56,0.01
840.42,0.01
840.15,0.01
840.01,0.02
840,0.75
839.79,0.01
839.59,0.01
839.4,0.01
839.16,0.01
839,0.01
838.79,0.01
838.6,0.01
838.42,0.01
838.15,0.01
838,0.01
837.84,0.01
837.8,0.01
837.59,0.01
837.54,0.01
837.4,0.01
837.23,0.01
837,0.5
836.98,0.01
836.83,0.01
836.63,0.01
836.43,0.01
836.23,0.01
836.02,0.01
835.83,0.01
835.63,0.01
835.4,0.01
835.21,0.01
835.03,0.01
834.84,0.01
834.6,0.01
833.75,0.01
833.63,0.01
833.37,0.01
833.22,0.01
831.74,0.01
831.63,0.01
830.16,0.01
829.98,0.01
829.77,0.01
829.76,0.01
829.6,0.01
829.35,0.01
829.22,0.01
827.63,0.01
827.43,0.01
827.22,0.01
826.97,0.01
826.82,0.01
826.56,0.01
826.42,0.01
826.2,0.01
825.99,0.01
825.76,0.01
825.16,0.01
824.96,0.01
824.8,0.01
824.62,0.01
824.42,0.01
824.15,0.01
824.02,0.01
823.8,0.01
823.62,0.01
823.51,0.01
823.39,0.01
823.2,0.01
822.93,0.01
822.77,0.01
822.52,0.01
822.31,0.01
822.1,0.01
821.94,0.01
821.66,0.01
821.54,0.01
821.35,0.01
821.1,0.01
821.09,0.01
820.94,0.01
820.73,0.01
820.5,0.01
820.3,0.01
820.28,0.01
820,0.2
819.94,0.01
819.82,0.01
819.59,0.01
819.56,0.01
819.43,0.01
819.34,0.01
819.24,0.01
819.01,0.01
818.78,0.01
818.75,0.01
818.65,2
818.64,0.01
818.37,0.01
818.19,0.01
817.96,0.01
817.83,0.01
817.63,0.01
817.38,0.01
817.21,0.01
817.14,0.01
817,0.01
816.79,0.01
816.63,0.01
816.36,0.01
816.16,0.01
815.96,0.01
815.82,0.01
815.61,0.01
815.4,0.01
815.18,0.01
815,0.0718
814.99,0.01
814.76,0.01
814.66,3.0000246
814.59,0.01
814.37,0.01
814.23,0.01
814.02,0.01
813.81,0.01
813.57,0.01
811.96,0.01
808.96,0.01
808.76,0.01
808.63,0.01
808.42,0.01
808.15,0.01
808.03,0.01
808,0.5
807.78,0.01
807.55,0.01
807.37,0.01
807.19,0.01
807.14,0.01
807,0.01
806.77,0.01
806.61,0.01
806.4,0.01
806.19,0.01
805.98,0.01
805.76,0.01
802.2,0.5
801.81,0.01
801.59,0.01
801.43,0.01
801.14,0.01
801.01,0.1
801,2
800.49,0.01
800.15,0.1
800.03,0.3124883
800.01,0.01
800,52.05467
797.97,0.01
797.83,0.01
797.63,0.01
797.36,0.01
797.22,0.01
797.02,0.01
797,0.2
796.99,0.01
796.81,0.01
796.54,0.01
796.44,0.01
796.19,0.01
795.99,0.01
795.75,0.01
795.55,0.01
791.82,0.01
791.63,0.01
791.37,0.01
791.18,0.01
790.97,0.01
790.76,0.01
790.04,3.16
790,0.75
788.95,0.01
788.75,0.01
788.55,0.01
788.39,0.01
788.17,0.01
787.99,0.01
787.81,0.01
787.57,0.01
787.4,0.01
787.19,0.01
787.18,0.01
786.95,0.01
786.81,0.01
786.59,0.01
786.44,0.01
786.14,0.01
786.02,0.01
785.78,0.01
785.6,0.01
785.35,0.01
785.21,0.01
785.02,0.01
784.8,0.01
783.19,0.01
782.99,0.01
782.75,0.01
782.57,0.01
782.43,0.01
782.16,0.01
782,0.01
781.77,0.01
781.61,0.01
781.36,0.01
781.2,0.01
781.02,0.01
780.75,0.01
780.58,0.01
780.44,0.01
780.21,0.01
780.04,0.01
779.82,0.01
779.59,0.01
779.36,0.01
779.17,0.01
778.95,0.01
778.8,0.01
778.63,0.01
778.37,0.01
778.16,0.01
778.03,0.01
777.79,0.01
777.59,0.01
777.39,0.01
777.17,0.01
776.99,0.01
776.75,0.01
776.62,0.01
776.39,0.01
776.23,0.01
775.95,0.01
775.81,0.01
775.76,0.01
775.6,0.01
775.36,0.01
775.2,0.01
775.15,0.01
775.03,0.01
774.8,0.01
774.62,0.01
774.37,0.01
774.19,0.01
774.01,0.01
774,0.2
773.78,0.01
773.56,0.01
773.39,0.01
773.18,0.01
773.03,0.01
772.76,0.01
772.57,0.01
772.42,0.01
772.16,0.01
771.98,0.01
771.78,0.01
771.63,0.01
771.36,0.01
771.18,0.01
771.03,0.01
771,7
770.81,0.01
770.63,0.01
770.42,0.01
770.22,0.01
770.03,0.01
769.96,0.01
769.81,0.01
769.61,0.01
769.42,0.01
767,2
766.79,0.01
766.57,0.01
766.4,0.01
766.18,0.01
765.97,0.01
765.75,0.01
765.57,0.01
765.35,0.01
765.17,0.01
764.94,0.01
764.75,0.01
764.58,0.01
764.39,0.01
764.18,0.01
763.95,0.01
763.79,0.01
763.76,0.01
762.23,0.01
762.03,0.01
761.84,0.01
761.58,0.01
761.38,0.01
761.2,0.01
760.95,0.01
760.77,0.01
760.75,0.01
760.57,0.01
760.39,0.01
760.19,0.01
760.04,0.01
760.01,0.01
759.75,0.01
759.63,0.01
759.35,0.01
759.19,0.01
758.97,0.01
758.79,0.01
758.57,0.01
758.41,0.01
758.2,0.01
758.02,0.01
757.8,0.01
757.6,0.01
757.41,0.01
757.39,0.01
757.2,0.01
757.03,0.01
756.78,0.01
756.63,0.01
756.44,0.01
756.17,0.01
755.98,0.01
755.83,0.01
755.59,0.01
755.38,0.01
755.37,0.01
755.18,0.01
755.11,0.1
755,0.01
754.79,0.01
754.55,0.01
754.43,0.01
754.35,0.19842105
754.24,0.01
754.03,0.01
753.84,0.01
753.6,0.01
753.4,0.01
753.21,0.01
752.98,0.01
752.79,0.01
752.6,0.01
752.36,0.01
752.2,0.5
752.19,0.01
752.01,0.01
751.82,0.01
751.56,0.01
751.35,0.01
751.19,0.01
751.03,0.05326019
750.95,0.01
750.83,0.01
750.57,0.01
750.4,0.01
750.21,0.01
750,12.578373
749.98,0.01
749.81,0.01
749.6,0.01
749.41,0.01
749.17,0.01
748.98,0.01
748.56,0.01
748.4,0.01
748.23,0.01
748,0.5
747.98,0.01
747.83,0.01
747.55,0.01
747.34,0.01
747.29,0.01
747.03,0.01
746.76,0.01
746.57,0.01
746.39,0.01
746.15,0.01
746.03,0.01
745.83,0.01
745.58,0.01
745.37,0.01
745.23,0.01
745,0.01
744.61,0.01
744.35,0.01
744.23,0.01
744,0.01
743.76,0.01
743.63,0.01
743.35,0.01
743.16,0.01
742.99,0.01
742.74,0.01
742.55,0.01
742.42,0.01
738.82,0.22718942
735.59,250
735,0.1
734.47,0.01
734.32,0.01
734.06,0.01
733.87,0.01
733.65,0.01
733.52,0.01
733.31,0.01
733.09,0.01
732.86,0.01
732.75,0.01
732.49,0.01
732.26,0.01
732.1,0.01
731.91,0.01
731.65,0.01
731.5,0.01
731.33,0.01
731.12,0.01
730.94,0.01
730.69,0.01
730.51,0.01
730.29,0.01
730.13,0.01
729.9,0.01
729.52,0.01
729.31,0.01
729.17,0.01
728.93,0.01
728.68,0.01
728.5,0.01
728,5
727.95,0.01
727.76,0.01
727.6,0.01
727.44,0.01
727.21,0.01
726.96,0.01
726.8,0.01
726.61,0.01
726.39,0.01
726.16,0.01
725.98,0.01
725.74,0.01
725.54,0.01
725.42,0.01
725.16,0.01
725,0.01
724.81,0.01
724.62,0.01
724.35,0.01
724.15,0.01
723.96,0.01
723.78,0.01
723.56,0.01
723.44,0.01
723.19,0.01
723.02,0.01
722.75,0.01
722.63,0.01
722.36,0.01
722.14,0.01
721.96,0.01
721.76,0.01
721.55,0.01
721.37,0.01
721.15,0.01
721,0.01
720.8,0.01
720.57,0.01
720.43,0.01
720.22,0.01
720.01,0.01
719.98,0.01
719.77,0.01
719.57,0.01
719.16,0.01
718.97,0.01
718.77,0.01
718.6,0.01
718.35,0.01
718.22,0.01
718.02,0.01
717.81,0.01
717.79,0.01
717.61,0.01
717.39,0.01
717.22,0.01
716.96,0.01
716.8,0.01
716.6,0.01
716.59,0.01
716.37,0.01
716.14,0.01
715.95,0.01
715.84,0.01
715.61,0.01
715.37,0.01
715.17,0.01
715.03,0.01
715,0.01
714.81,0.01
714.57,0.01
714.37,0.01
714.22,0.01
714,0.01
713.78,0.01
713.57,0.01
713.42,8.01
713.23,0.01
712.98,0.01
712.79,0.01
712.57,0.01
712.22,0.01
711.65,0.01
711.41,0.01
711.16,0.71
711.04,0.01
711,1
710.59,0.01
710.36,0.01
710.21,0.01
710.04,0.01
709.77,0.01
709.61,0.01
709.41,0.01
709.17,0.01
709.04,0.01
708.81,0.01
708.61,0.01
708,2
707.36,0.01
707.2,0.01
707,0.5
705.02,0.01
705,4.05
704.57,0.01
704.04,0.01
703.85,0.01
703.6,0.01
703,0.2
702.2,0.5
701.11,0.01
701,12
700.49,0.01
700.03,0.28870195
700,51.101746
699,0.02
690,1
688.4,0.28
685,20
680.01,0.01
677,0.02
671.15,0.01
670.98,0.01
670.82,0.01
670.62,0.01
670.42,0.01
670.19,0.01
669.96,0.01
669.84,0.01
669.57,0.01
669.44,0.01
669.22,0.01
668.8,0.01
668.65,0.01
668.23,0.01
667.77,0.01
667.58,0.01
667.57,0.01
667.4,0.01
667.23,0.01
666.97,0.01
666.88,0.01
666.7,0.01
666.66,0.01
666.51,0.01
666.25,0.01
666.08,0.01
666,0.075
665.83,0.01
665.66,0.01
665.38,0.01
665.16,0.01
665.04,0.01
664.78,0.01
664.63,0.01
664.36,0.01
664.3,0.01
664.05,0.01
663.87,0.01
663.63,0.01
663.48,0.01
663.29,0.01
663.06,0.01
662.86,0.01
662.72,0.01
662.44,0.01
662.26,0.01
662.05,0.01
661.99,0.01
661.78,0.01
661.56,0.01
661.37,0.01
661.13,0.01
660.94,0.01
660.78,0.01
660.55,0.01
660.18,0.01
660.02,0.01
659.8,0.01
659.58,0.01
658.78,0.01
658.6,0.01
658.04,0.01
657.81,0.01
657.62,0.01
657.35,0.01
657.17,0.01
657.04,0.01
656.85,0.01
656.57,0.01
656.41,0.01
655.78,0.01
655.56,0.01
655.43,0.01
655.36,0.11
655.19,0.01
655.11,0.01
655.03,0.01
654.81,0.01
654.6,0.01
654.44,0.01
654.16,0.01
653.97,0.01
653.83,0.01
653.59,0.01
653.2,0.01
652.98,0.01
652.78,0.01
652.59,0.01
652.38,0.01
652.29,0.01
652.2,0.5
652.11,0.01
651.92,0.01
651.7,0.01
651.51,0.01
651.39,0.01
651.26,0.01
651.15,0.01
651.12,0.01
651.03,10
651,0.01
650.92,0.01
650.85,0.01
650.66,0.01
650.55,0.01
650.5,0.01
650.3,0.01
650.09,0.01
650,0.2
649.84,0.01
649.66,0.01
649.49,0.01
649.28,0.01
649.07,0.01
648.79,0.01
648.6,0.01
648.35,0.01
648.23,0.01
646.98,0.01
646.78,0.01
646.75,0.01
646.58,0.01
646.39,0.01
646.2,0.01
646.03,0.01
645.77,0.01
645.57,0.01
645.44,0.01
645.17,0.01
645.04,0.01
644.98,0.01
644.78,0.01
644.58,0.01
644.39,0.01
644.17,0.01
643.95,0.01
643.74,0.01
643.44,0.01
643.33,0.01
643.06,0.01
642.9,0.01
642.73,0.01
642.51,0.01
642.3,0.01
642.1,0.01
641.87,0.01
641.64,0.01
641.47,0.01
641.26,0.01
641.06,0.01
640.87,0.01
640.7,0.01
640.61,0.01
640.33,0.01
640.05,0.01
640.01,0.01
639.69,0.01
639.55,0.01
639.15,0.01
638.93,0.01
638.74,0.01
638.55,0.01
638.33,0.01
637.94,0.01
637.77,0.01
637.57,0.01
637.36,0.01
637.14,0.01
636.91,0.01
636.68,0.01
636.44,0.01
636.08,0.01
635.82,0.01
635.76,0.01
635.58,0.01
635.36,0.01
635.1,0.01
634.91,0.01
634.74,0.01
634.6,0.01
634.4,0.01
634.14,0.01
633.47,0.01
633.23,0.01
633.17,0.01
632.33,0.01
632.11,0.01
631.9,0.01
631.56,0.01
631.33,0.01
630.97,0.01
630.65,3.55
630.46,0.01
630.19,0.01
630.05,0.01
629.61,0.01
629.44,0.01
629.25,0.01
627.65,0.01
627.47,0.01
627.24,0.01
626.48,0.01
626.31,0.01
626.01,0.01
624.51,0.01
624.32,0.01
624.15,0.01
623.86,0.01
623.69,0.01
623.55,0.01
623.32,0.01
623.14,0.01
622.88,0.01
622.75,0.01
622.52,0.01
622.36,0.01
622.13,0.01
621.91,0.01
621.72,0.01
621.33,0.01
621.15,0.01
621.08,0.01
620.96,0.01
620.76,0.01
620.56,0.01
620.14,0.01
620.02,0.01
619.93,0.01
619.72,0.01
619.55,0.01
619.4,0.01
619.2,0.01
619.02,0.01
618.74,0.01
618.45,0.01
618.35,0.01
618.12,0.01
617.93,0.01
617.62,0.01
617.37,0.01
617.15,0.01
617.01,0.01
616.74,0.01
616.53,0.01
616.3,0.01
616.08,0.01
615.92,0.01
615.43,0.01
615.25,5.01
615.07,0.01
614.81,0.01
614.59,0.01
614.47,0.01
613.74,0.11
613.58,0.01
613.35,0.01
613.17,0.01
612.95,0.01
612.81,0.01
612.63,0.01
612.06,0.01
611.87,0.01
611.74,0.01
611.48,0.01
611.33,0.01
611.1,0.01
609.72,0.01
609.3,0.01
608,0.04
606.87,0.01
606.69,0.01
606.37,0.01
606.09,0.01
606,0.5
605.88,0.04
605.68,0.01
605.47,0.01
605.29,0.01
605.12,0.01
604.86,0.01
604.76,0.01
604.5,0.01
604.33,0.01
603.28,0.01
603,0.01
602.76,0.01
602.62,0.01
602.4,0.01
602.22,0.01
602.2,1
601.99,0.01
601.77,0.01
601.64,0.01
601.31,0.01
601.11,0.01
601.01,0.2
601,10
600.82,0.01
600.7,0.01
600.49,0.01
600.41,0.01
600.22,0.01
600.03,0.42664585
600.01,0.01
600,4.05
599.91,0.01
599.75,0.01
599.37,0.01
599.24,0.01
598.83,0.01
598.55,0.01
598.42,0.01
598.2,0.01
598.17,0.01
598.04,0.01
597.8,0.01
597.69,0.01
597.52,0.01
597.29,0.01
597.08,0.01
596.84,0.01
596.49,0.01
596.31,0.01
596.09,0.01
595.88,12
595.64,0.01
595.25,0.01
595.12,0.01
594.75,0.01
594.54,0.01
594.37,0.01
594.18,0.01
594,0.01
593.97,0.01
575,0.14
573.63,1
563,250
560.01,0.01
560,251
557.77,5
556.25,10
555,256
552.2,1
551,250
550,5.152199
542,2
525.11,3.20778
522.22,0.5
522,2.6575
520.01,0.01
520,20
517,0.483
515,0.1175
512.28,0.1226
512.12,10
511.11,0.2
511.01,1
505.11,3
505,10.55
504,0.99207
502.2,0.5
502,4
501.11,0.060000002
501.01,0.3
501,14.197605
500.49,0.02
500.1,2
500.03,0.499955
500.01,25
500,109.722305
492.9,0.159
492,0.02
489,0.15
482,300
480.01,0.01
480,1
467,1.0707
459,2
455,0.5
453.23,5
452.2,1
450,0.01
446.5,2
440.01,0.01
430,1
425,1.1
411.22,0.05
410,1
404,0.5
402.2,1
401.12,0.2
401.11,0.02
401,20
400.49,0.01
400.03,0.6249531
400.01,0.01
400,65.01811
389.5,0.1
389,0.21406001
375,1
367.5,15.71
366,1
360.01,0.01
360,0.1
359,0.1
356.25,2
355,2
352.2,1
352,1
350.69,1
350,208
338.97,0.73041
327.68,0.22
327,1
325.68,0.0307
322.33,0.01
321,21
320.01,0.01
317.89,250
310,0.5
305,0.1
303,0.5
302.2,1
301.11,0.03
301.01,0.5
301,30.25
300.49,0.01
300.03,3
300,45.059998
298,0.33557045
290,0.1
281.52,0.5
280.01,0.01
278.33,1
274,1
269.5,1
261.25,2.137026
260,10.269604
259,4
257.11,6
256.25,4
256.11,3.9045265
255,0.1
252.2,1.5
252,1
251.3,1.5
250.12,10
250.01,17.48434
250,137.88
245,1
240.01,0.01
233.5,2.1413
225.69,250
222.33,0.02
217.45,1.25
210.61,2
209,1
206,0.05
202.21,1
202.2,1.5
202,0.5
201.12,0.5
201.11,0.16
201,59
200.85,50
200.49,0.01
200.03,11.249813
200.01,20.01
200,165.71538
199,8
193.75,10
190,0.1
188.88,10
187,2
186.71,1
186,1
177.6,5
177,2.22
175,16
163.84,0.45
162,1
160.01,0.01
159,28.1
158.01,15.82
157,19
156.25,6
155.11,0.03
152.2,2
150,12.74508
148,1
147,0.04
135,1
133.12,0.15
132.44,1
130,2.0075564
127.31,1
127.11,25
125,7
123.45,0.25
123.23,200
123.12,0.03
122.33,0.1
122,5
121.1,3
121,6
120.01,0.01
118.1,2
118,10.8230505
115,0.04
112,3
111.22,0.15
111.12,250
111.11,0.1
111,119
110,23.01
109.98,16
108,23
106.25,5
105.22,2
105.11,20
105,254.6
104.12,20
104.01,9.61
104,250
103.46,4
103.21,100
103,250
102.6,10
102.13,1
102.12,1
102.1,2
102,251.5
101.44,0.03
101.23,5
101.21,10
101.12,1.2
101.11,10.1
101.03,12.1
101.01,12
101,436.80002
100.85,50
100.49,0.01
100.11,20
100.1,8
100.03,30.5
100.01,102
100,1245.2588
99,5
92,2
91.11,0.3
90,0.1
88,10
87,5
84,2
81.92,0.91
81.23,50
81.11,0.1
81,0.2
80.88,2.5
80.01,0.01
80,0.17
79.69,0.019
76.25,10
75,30.025
73,0.5
72.49,3
72.2,10
71.11,0.1
71.1,0.3
71,0.0165
70,0.247
69,11
68.95,7.25
67.38,1
67.23,0.01
66.4,0.3
65.23,3
65.02,0.2
64,57
63,250
61.2,4
61.11,0.1
60,1.2703972
58.45,0.5
56.11,5
56,55
55,90.90909
53.6,0.0122172
52.13,4
52.1,12
51.6,10
51.51,1
51.11,0.2
51.1,2
51,129.2196
50.5,1
50.23,253.92413
50.11,5
50.1,10
50.03,54.995502
50.01,11
50,843.9374
49.96,8
49.48,1
49.39,0.01185001
46.25,10
45.11,0.4
45,34.019997
43,1
42,1
41.11,0.2
40.98,2
40.96,3
40.6,10
40.25,0.0171
40.11,0.5
40.05,1
40.01,0.01
40,3.6114285
39.66,10
39.24,0.01
36.25,20
36,10
35.5,10
35.12,0.5
35,60.89595
34.84,10
34,255
33.69,250
33.34,50
33,70.14961
32,0.5
31.6,79.11
31.11,8.3
30.11,0.8
30,53.41
29.65,0.01
29.08,0.01204565
27.56,15
27.11,0.5
27.1,11
27,41.1111
26.25,31
26,5.2200003
25.61,39.045265
25.57,15
25.5,2
25.29,2.1
25.2,20
25.11,10
25.07,1
25.05,1.1
25.01,21
25,753
24.38,0.01
24,1
23.99,2
23.11,0.5
23,251
22.98,10
22.57,1
22.22,5
22,11
21.22,1.0111008
21.11,1.9
21.02,2
21,22
20.48,6
20.35,7
20.2,4
20.08,33.989044
20.07,1
20.05,3
20.03,100
20.01,18
20,1516.853
19.07,1
19,10
18.07,1
17.25,250
17.07,1
17,102.5
16.78,15.905449
16.41,5
16.35,100
16.25,50
16.1,10
16.07,1
15.7,63.5
15.41,1
15.21,2
15.2,4
15.11,0.5
15.1,12
15.07,2
15,743
14.57,2
14.07,2
14,100
13.57,2
13.2,0.1
13.11,200
13.07,2
13.02,3
13.01,250
13,50
12.8,10
12.57,2
12.5,107
12.43,100
12.33,2.25
12.3,20
12.21,21.12
12.17,100
12.12,100
12.07,2
12.05,255
12,1240
11.57,2
11.5,25
11.26,3.552398
11.25,146
11.18,250
11.17,1
11.14,5
11.13,250
11.12,100
11.11,6.6
11.1,1
11.07,2
11.01,290
11,95.5
10.86,15
10.8,411
10.77,155
10.75,15
10.57,2
10.55,10
10.5,6
10.25,200
10.24,12.1
10.21,110
10.2,6.5
10.12,1000
10.11,172
10.1,455
10.07,253
10.06,250
10.05,10
10.04,25
10.03,275
10.02,5
10.01,562.8673
10,7045.041
9.92,100.80645
9.87,1.0131712
9.6,17
9.57,3
9.51,3
9.11,1
9.07,3
9.03,3
9,17
8.88,255
8.6,10
8.57,3
8.52,3
8.11,1
8.07,3
8.03,3
8,537.03
7.57,4
7.55,4
7.5,9
7.4,1
7.31,18
7.25,50
7.11,1
7.07,4
7.03,5
7,243
6.86,6.0738583
6.85,125
6.66,250
6.57,4
6.51,4
6.5,1
6.43,388.66
6.4,15
6.35,1
6.12,250
6.11,1
6.07,5
6.05,5
6,526.65
5.88,125
5.77,250
5.62,0.5
5.6,1
5.57,5
5.55,4
5.5,0.01
5.35,20
5.3,260
5.25,40
5.2,10
5.13,250
5.12,774.3
5.11,232
5.1,5
5.07,6
5.04,5
5.03,299.55267
5.02,102
5.01,950
5,5208.5
4.9,20
4.86,1
4.81,28
4.57,6
4.51,4
4.5,222.22223
4.32,500
4.25,50
4.21,250
4.12,250
4.11,35
4.07,7
4.02,6
4.01,1
4,2544.75
3.98,200
3.9,250
3.73,1
3.57,8
3.55,5
3.51,248
3.5,2
3.36,58
3.34,5
3.33,200
3.3,20
3.25,290
3.12,500
3.11,3
3.1,250
3.07,9
3.05,18
3.03,8
3.01,275
3,2529.25
2.95,9.32
2.9,90
2.8,250
2.77,250
2.68,100
2.61,180
2.59,250
2.57,11
2.56,243.92632
2.55,25
2.53,1
2.52,140
2.51,5
2.5,1388.01
2.47,155.87
2.46,250
2.45,10
2.37,20
2.32,163
2.25,300
2.23,5
2.22,50
2.2,250
2.13,270
2.12,800
2.11,4
2.1,1230
2.07,764
2.06,100
2.05,350
2.03,250
2.02,503
2.01,320
2,6235.01
1.99,474.52808
1.95,250
1.92,1
1.9,600
1.82,16
1.8,250
1.77,250
1.72,250
1.71,15
1.7,250
1.69,100
1.65,1
1.6,264
1.57,269
1.56,106
1.55,750
1.51,12
1.5,2185.6
1.48,2000
1.45,200
1.41,50
1.4,251
1.37,250
1.33,30
1.32,23
1.31,262
1.3,670
1.29,250
1.28,128.75
1.27,600
1.25,1508
1.24,100
1.23,53
1.22,250
1.21,600
1.2,760.19214
1.19,30
1.15,750
1.14,1066
1.13,500
1.12,1195
1.11,1683.7478
1.1,1864.78
1.08,250
1.07,378
1.06,700
1.05,2116.8
1.04,704
1.03,1286.7185
1.02,1241
1.01,9656.324
1,54601.344
0.99,440
0.97,131
0.91,262
0.9,970
0.89,250
0.88,250
0.87,35
0.83,13
0.81,365
0.8,500
0.79,266
0.77,829
0.76,20
0.75,2314.5
0.73,15
0.72,250
0.71,520
0.7,750
0.69,100
0.68,500
0.67,60
0.66,3
0.64,215.2
0.62,36
0.61,500
0.6,1000
0.59,251
0.58,273
0.57,503
0.55,252
0.54,30.07
0.53,500
0.52,520
0.51,975
0.5,14706.146
0.48,22
0.47,164
0.46,22
0.45,342
0.44,4
0.43,275
0.42,275
0.41,625
0.4,3322
0.39,353
0.38,360
0.37,853.5
0.36,214
0.35,367
0.34,119
0.33,1980.091
0.32,775.5
0.31,780
0.3,3045.34
0.29,1179
0.28,1168
0.27,1282
0.26,1221
0.25,37660.62
0.24,802
0.23,1504
0.22,1208
0.21,4095
0.2,8475.5
0.19,3111
0.18,1904
0.17,2673.8923
0.16,3461.7
0.15,11614.321
0.14,3042
0.13,6161
0.12,7692
0.11,18490.818
0.1,65761.664
0.09,2750.9536
0.08,2692.5
0.07,3947.3845
0.06,5618
0.05,18896.5
0.04,7437
0.03,8775
0.02,20145.2
0.01,110713
